#
# There is insufficient memory for the Java Runtime Environment to continue.
# Native memory allocation (malloc) failed to allocate 1357328 bytes. Error detail: Chunk::new
# Possible reasons:
#   The system is out of physical RAM or swap space
#   This process is running with CompressedOops enabled, and the Java Heap may be blocking the growth of the native heap
# Possible solutions:
#   Reduce memory load on the system
#   Increase physical memory or swap space
#   Check if swap backing store is full
#   Decrease Java heap size (-Xmx/-Xms)
#   Decrease number of Java threads
#   Decrease Java thread stack sizes (-Xss)
#   Set larger code cache with -XX:ReservedCodeCacheSize=
#   JVM is running with Unscaled Compressed Oops mode in which the Java heap is
#     placed in the first 4GB address space. The Java Heap base address is the
#     maximum limit for the native heap growth. Please use -XX:HeapBaseMinAddress
#     to set the Java Heap base and to place the Java Heap above 4GB virtual address.
# This output file may be truncated or incomplete.
#
#  Out of Memory Error (arena.cpp:191), pid=37700, tid=31400
#
# JRE version: OpenJDK Runtime Environment Microsoft-13106358 (17.0.18+8) (build 17.0.18+8-LTS)
# Java VM: OpenJDK 64-Bit Server VM Microsoft-13106358 (17.0.18+8-LTS, mixed mode, sharing, tiered, compressed oops, compressed class ptrs, g1 gc, windows-amd64)
# No core dump will be written. Minidumps are not enabled by default on client versions of Windows
#

---------------  S U M M A R Y ------------

Command Line: --add-opens=java.base/java.lang=ALL-UNNAMED --add-opens=java.base/java.lang.invoke=ALL-UNNAMED --add-opens=java.base/java.util=ALL-UNNAMED --add-opens=java.prefs/java.util.prefs=ALL-UNNAMED --add-exports=jdk.compiler/com.sun.tools.javac.api=ALL-UNNAMED --add-exports=jdk.compiler/com.sun.tools.javac.util=ALL-UNNAMED --add-opens=java.base/java.util=ALL-UNNAMED --add-opens=java.prefs/java.util.prefs=ALL-UNNAMED --add-opens=java.base/java.nio.charset=ALL-UNNAMED --add-opens=java.base/java.net=ALL-UNNAMED --add-opens=java.base/java.util.concurrent=ALL-UNNAMED --add-opens=java.base/java.util.concurrent.atomic=ALL-UNNAMED --add-opens=java.xml/javax.xml.namespace=ALL-UNNAMED -XX:MaxMetaspaceSize=512m -Xmx2048m -Dfile.encoding=windows-1252 -Duser.country=US -Duser.language=en -Duser.variant -javaagent:C:\Users\yashr\.gradle\wrapper\dists\gradle-9.0.0-bin\d6wjpkvcgsg3oed0qlfss3wgl\gradle-9.0.0\lib\agents\gradle-instrumentation-agent-9.0.0.jar org.gradle.launcher.daemon.bootstrap.GradleDaemon 9.0.0

Host: 12th Gen Intel(R) Core(TM) i5-12450HX, 12 cores, 23G,  Windows 11 , 64 bit Build 26100 (10.0.26100.8246)
Time: Wed May 13 19:57:35 2026 India Standard Time elapsed time: 113.537638 seconds (0d 0h 1m 53s)

---------------  T H R E A D  ---------------

Current thread (0x0000018eef8856c0):  JavaThread "C2 CompilerThread0" daemon [_thread_in_native, id=31400, stack(0x00000047db200000,0x00000047db300000)]


Current CompileTask:
C2:113537 30427 %     4       com.android.tools.r8.internal.rT::a @ 1059 (3042 bytes)

Stack: [0x00000047db200000,0x00000047db300000]
Native frames: (J=compiled Java code, j=interpreted, Vv=VM code, C=native code)
V  [jvm.dll+0x68c879]  (no source info available)
V  [jvm.dll+0x845979]  (no source info available)
V  [jvm.dll+0x8476e8]  (no source info available)
V  [jvm.dll+0x847d73]  (no source info available)
V  [jvm.dll+0x24cf6f]  (no source info available)
V  [jvm.dll+0xaecb6]  (no source info available)
V  [jvm.dll+0xaf35c]  (no source info available)
V  [jvm.dll+0x37174e]  (no source info available)
V  [jvm.dll+0x1c08f9]  (no source info available)
V  [jvm.dll+0x21e080]  (no source info available)
V  [jvm.dll+0x21d36d]  (no source info available)
V  [jvm.dll+0x1a8ce6]  (no source info available)
V  [jvm.dll+0x22db1b]  (no source info available)
V  [jvm.dll+0x22bca6]  (no source info available)
V  [jvm.dll+0x7fbabb]  (no source info available)
V  [jvm.dll+0x7f5ebc]  (no source info available)
V  [jvm.dll+0x68de17]  (no source info available)
C  [ucrtbase.dll+0x37b0]  (no source info available)
C  [KERNEL32.DLL+0x2e8d7]  (no source info available)
C  [ntdll.dll+0x8c3fc]  (no source info available)


---------------  P R O C E S S  ---------------

Threads class SMR info:
_java_thread_list=0x0000018e9fbdaf00, length=227, elements={
0x0000018ed0e80060, 0x0000018eef1763e0, 0x0000018eef177430, 0x0000018eef878540,
0x0000018eef878a20, 0x0000018eef87a290, 0x0000018eef881f20, 0x0000018eef8856c0,
0x0000018eef886750, 0x0000018eef887080, 0x0000018eef989ce0, 0x0000018eefaab9a0,
0x0000018ef5cca440, 0x0000018ef5e57010, 0x0000018ef5d18280, 0x0000018ef5d7d660,
0x0000018ef5d7db40, 0x0000018ef5dfcb90, 0x0000018ef5d80540, 0x0000018ef5d80f60,
0x0000018ef5d832d0, 0x0000018ef5d837e0, 0x0000018ef5d823a0, 0x0000018ef5d80a50,
0x0000018ef5d81470, 0x0000018ef5d81980, 0x0000018ef5d828b0, 0x0000018ef5d81e90,
0x0000018ef5d82dc0, 0x0000018ef5d83cf0, 0x0000018ef61a4090, 0x0000018ef61a1d20,
0x0000018ef61a2740, 0x0000018ef61a2230, 0x0000018ef61a2c50, 0x0000018ef61a1810,
0x0000018ef61a3160, 0x0000018ef61a3670, 0x0000018ef61a5ef0, 0x0000018ef61a59e0,
0x0000018ef61a6400, 0x0000018ef61a6910, 0x0000018ef61a45a0, 0x0000018ef61a6e20,
0x0000018ef61a7330, 0x0000018ef61a4ab0, 0x0000018ef61a3b80, 0x0000018ef61a7840,
0x0000018ef61a7d50, 0x0000018ef61a9190, 0x0000018ef61a8260, 0x0000018ef61a8770,
0x0000018ef61a8c80, 0x0000018ef7f70990, 0x0000018ef7f70480, 0x0000018ef7f71dd0,
0x0000018ef7f718c0, 0x0000018ef7f722e0, 0x0000018ef7f72d00, 0x0000018ef7f70ea0,
0x0000018ef7f73210, 0x0000018ef7f727f0, 0x0000018ef7f73720, 0x0000018ef7f713b0,
0x0000018ef7f6ff70, 0x0000018ef7f764b0, 0x0000018ef7f75a90, 0x0000018ef7f75fa0,
0x0000018ef7f75070, 0x0000018ef7f73c30, 0x0000018ef7f773e0, 0x0000018ef7f769c0,
0x0000018ef7f75580, 0x0000018ef7f76ed0, 0x0000018ef7f778f0, 0x0000018ef7f74650,
0x0000018ef7f74b60, 0x0000018ef53abcd0, 0x0000018ef53aea60, 0x0000018ef53ad110,
0x0000018ef53ad620, 0x0000018ef53acc00, 0x0000018ef53ac1e0, 0x0000018ef53ae040,
0x0000018ef53ab7c0, 0x0000018ef53ae550, 0x0000018ef53aef70, 0x0000018ef53b03b0,
0x0000018ef53b0dd0, 0x0000018ef53b12e0, 0x0000018ef53b17f0, 0x0000018ef53af480,
0x0000018ef53b1d00, 0x0000018ef53b2210, 0x0000018ef53af990, 0x0000018ef53b2720,
0x0000018ef53afea0, 0x0000018ef53b08c0, 0x0000018ef63dce80, 0x0000018ef63dbf50,
0x0000018ef63db020, 0x0000018ef63dc460, 0x0000018ef63dab10, 0x0000018ef63da600,
0x0000018ef63dc970, 0x0000018ef63dd390, 0x0000018ef63dba40, 0x0000018ef63db530,
0x0000018ef63dd8a0, 0x0000018ef63da0f0, 0x0000018ef63df1f0, 0x0000018ef63e0b40,
0x0000018ef63dddb0, 0x0000018ef63dece0, 0x0000018ef63e1050, 0x0000018ef63e0630,
0x0000018ef63e1560, 0x0000018ef63dfc10, 0x0000018ef63e0120, 0x0000018ef63de2c0,
0x0000018ef63df700, 0x0000018ef63de7d0, 0x0000018ef44121e0, 0x0000018ef4414550,
0x0000018ef4413b30, 0x0000018ef4415ea0, 0x0000018ef4415990, 0x0000018ef4413110,
0x0000018ef4414040, 0x0000018ef4414a60, 0x0000018ef4414f70, 0x0000018ef4415480,
0x0000018ef44126f0, 0x0000018ef4413620, 0x0000018ef44163b0, 0x0000018ef4412c00,
0x0000018ef4416dd0, 0x0000018ef4419140, 0x0000018ef44177f0, 0x0000018ef44168c0,
0x0000018ef4419b60, 0x0000018ef44172e0, 0x0000018ef4418720, 0x0000018ef4418210,
0x0000018ef4418c30, 0x0000018ef4419650, 0x0000018ef4417d00, 0x0000018eefa99dc0,
0x0000018eefa9c130, 0x0000018eefa98e90, 0x0000018eefa9a2d0, 0x0000018eefa9c640,
0x0000018eefa9cb50, 0x0000018eefa9acf0, 0x0000018eefa9a7e0, 0x0000018eefa9bc20,
0x0000018eefa9b710, 0x0000018eefa993a0, 0x0000018eefa998b0, 0x0000018eefa9d570,
0x0000018eefa9da80, 0x0000018eefa9d060, 0x0000018eefa9df90, 0x0000018eefa9e9b0,
0x0000018eefa9b200, 0x0000018eefa9e4a0, 0x0000018eefa9eec0, 0x0000018eefa9fdf0,
0x0000018eefa9f3d0, 0x0000018eefaa0300, 0x0000018eefa9f8e0, 0x0000018eefaa0810,
0x0000018ef7f91910, 0x0000018ef7f91e20, 0x0000018ef7f91400, 0x0000018ef7f92840,
0x0000018ef7f904d0, 0x0000018ef7f8ffc0, 0x0000018ef7f92330, 0x0000018ef7f909e0,
0x0000018ef7f950c0, 0x0000018ef7f946a0, 0x0000018ef7f90ef0, 0x0000018ef7f97430,
0x0000018ef7f96500, 0x0000018ef7f97940, 0x0000018ef7f96f20, 0x0000018efaf66640,
0x0000018efaf684a0, 0x0000018ef935bc80, 0x0000018ef935b770, 0x0000018ef935c6a0,
0x0000018ef935ea10, 0x0000018ef935b260, 0x0000018ef93626d0, 0x0000018ef9360d80,
0x0000018ef935ef20, 0x0000018ef93617a0, 0x0000018ef7f93c80, 0x0000018ea1e82800,
0x0000018ea1e83220, 0x0000018ea1e813c0, 0x0000018ea1e84150, 0x0000018ea1e809a0,
0x0000018ea1e818d0, 0x0000018ea1e81de0, 0x0000018ea1e80eb0, 0x0000018ea1e822f0,
0x0000018ea1e85080, 0x0000018ea1e85590, 0x0000018ea1e87900, 0x0000018ea1e873f0,
0x0000018ea1e85fb0, 0x0000018ea1e84660, 0x0000018ea1e89250, 0x0000018ea1e86ee0,
0x0000018ea1e88830, 0x0000018ef93e1f30, 0x0000018ef93e6ee0, 0x0000018ea1e83c40,
0x0000018ea1e8aba0, 0x0000018ea1e8b5c0, 0x0000018ea1e8a690, 0x0000018ea1e8bfe0,
0x0000018ea1e89c70, 0x0000018ea1e8c4f0, 0x0000018ea1e8a180
}

Java Threads: ( => current thread )
  0x0000018ed0e80060 JavaThread "main" [_thread_blocked, id=37176, stack(0x00000047da500000,0x00000047da600000)]
  0x0000018eef1763e0 JavaThread "Reference Handler" daemon [_thread_blocked, id=16080, stack(0x00000047dac00000,0x00000047dad00000)]
  0x0000018eef177430 JavaThread "Finalizer" daemon [_thread_blocked, id=33468, stack(0x00000047dad00000,0x00000047dae00000)]
  0x0000018eef878540 JavaThread "Signal Dispatcher" daemon [_thread_blocked, id=32608, stack(0x00000047dae00000,0x00000047daf00000)]
  0x0000018eef878a20 JavaThread "Attach Listener" daemon [_thread_blocked, id=19040, stack(0x00000047daf00000,0x00000047db000000)]
  0x0000018eef87a290 JavaThread "Service Thread" daemon [_thread_blocked, id=35148, stack(0x00000047db000000,0x00000047db100000)]
  0x0000018eef881f20 JavaThread "Monitor Deflation Thread" daemon [_thread_blocked, id=38632, stack(0x00000047db100000,0x00000047db200000)]
=>0x0000018eef8856c0 JavaThread "C2 CompilerThread0" daemon [_thread_in_native, id=31400, stack(0x00000047db200000,0x00000047db300000)]
  0x0000018eef886750 JavaThread "C1 CompilerThread0" daemon [_thread_blocked, id=31008, stack(0x00000047db300000,0x00000047db400000)]
  0x0000018eef887080 JavaThread "Sweeper thread" daemon [_thread_blocked, id=9376, stack(0x00000047db400000,0x00000047db500000)]
  0x0000018eef989ce0 JavaThread "Common-Cleaner" daemon [_thread_blocked, id=31916, stack(0x00000047db500000,0x00000047db600000)]
  0x0000018eefaab9a0 JavaThread "Notification Thread" daemon [_thread_blocked, id=25096, stack(0x00000047db600000,0x00000047db700000)]
  0x0000018ef5cca440 JavaThread "Daemon health stats" [_thread_blocked, id=10792, stack(0x00000047db900000,0x00000047dba00000)]
  0x0000018ef5e57010 JavaThread "Incoming local TCP Connector on port 58452" [_thread_in_native, id=37504, stack(0x00000047db800000,0x00000047db900000)]
  0x0000018ef5d18280 JavaThread "Daemon periodic checks" [_thread_blocked, id=40840, stack(0x00000047dc300000,0x00000047dc400000)]
  0x0000018ef5d7d660 JavaThread "Daemon" [_thread_blocked, id=28396, stack(0x00000047dc500000,0x00000047dc600000)]
  0x0000018ef5d7db40 JavaThread "Handler for socket connection from /127.0.0.1:58452 to /127.0.0.1:58453" [_thread_in_native, id=21936, stack(0x00000047dc600000,0x00000047dc700000)]
  0x0000018ef5dfcb90 JavaThread "Cancel handler" [_thread_blocked, id=40120, stack(0x00000047dc700000,0x00000047dc800000)]
  0x0000018ef5d80540 JavaThread "Daemon worker" [_thread_blocked, id=29020, stack(0x00000047dc400000,0x00000047dc500000)]
  0x0000018ef5d80f60 JavaThread "Asynchronous log dispatcher for DefaultDaemonConnection: socket connection from /127.0.0.1:58452 to /127.0.0.1:58453" [_thread_blocked, id=3852, stack(0x00000047dc800000,0x00000047dc900000)]
  0x0000018ef5d832d0 JavaThread "Stdin handler" [_thread_blocked, id=38608, stack(0x00000047dc900000,0x00000047dca00000)]
  0x0000018ef5d837e0 JavaThread "Daemon client event forwarder" [_thread_blocked, id=12348, stack(0x00000047dca00000,0x00000047dcb00000)]
  0x0000018ef5d823a0 JavaThread "Cache worker for journal cache (C:\Users\yashr\.gradle\caches\journal-1)" [_thread_blocked, id=37368, stack(0x00000047dcb00000,0x00000047dcc00000)]
  0x0000018ef5d80a50 JavaThread "File lock request listener" [_thread_in_native, id=20640, stack(0x00000047dcc00000,0x00000047dcd00000)]
  0x0000018ef5d81470 JavaThread "Cache worker for file hash cache (C:\Users\yashr\.gradle\caches\9.0.0\fileHashes)" [_thread_blocked, id=39568, stack(0x00000047dcd00000,0x00000047dce00000)]
  0x0000018ef5d81980 JavaThread "File lock release action executor" [_thread_blocked, id=15592, stack(0x00000047dcf00000,0x00000047dd000000)]
  0x0000018ef5d828b0 JavaThread "Cache worker for file hash cache (C:\Users\yashr\Desktop\ReactNative\Roomy\Frontend\android\.gradle\9.0.0\fileHashes)" [_thread_blocked, id=25748, stack(0x00000047dd300000,0x00000047dd400000)]
  0x0000018ef5d81e90 JavaThread "Cache worker for Build Output Cleanup Cache (C:\Users\yashr\Desktop\ReactNative\Roomy\Frontend\android\.gradle\buildOutputCleanup)" [_thread_blocked, id=30004, stack(0x00000047dd400000,0x00000047dd500000)]
  0x0000018ef5d82dc0 JavaThread "File watcher server" daemon [_thread_in_native, id=34864, stack(0x00000047dd500000,0x00000047dd600000)]
  0x0000018ef5d83cf0 JavaThread "File watcher consumer" daemon [_thread_blocked, id=33664, stack(0x00000047dd600000,0x00000047dd700000)]
  0x0000018ef61a4090 JavaThread "Cache worker for checksums cache (C:\Users\yashr\Desktop\ReactNative\Roomy\Frontend\android\.gradle\9.0.0\checksums)" [_thread_blocked, id=29704, stack(0x00000047dd700000,0x00000047dd800000)]
  0x0000018ef61a1d20 JavaThread "Cache worker for file content cache (C:\Users\yashr\.gradle\caches\9.0.0\fileContent)" [_thread_blocked, id=39020, stack(0x00000047dd800000,0x00000047dd900000)]
  0x0000018ef61a2740 JavaThread "Cache worker for cache directory md-supplier (C:\Users\yashr\.gradle\caches\9.0.0\md-supplier)" [_thread_blocked, id=38336, stack(0x00000047dd900000,0x00000047dda00000)]
  0x0000018ef61a2230 JavaThread "Cache worker for cache directory md-rule (C:\Users\yashr\.gradle\caches\9.0.0\md-rule)" [_thread_blocked, id=7700, stack(0x00000047dda00000,0x00000047ddb00000)]
  0x0000018ef61a2c50 JavaThread "jar transforms" [_thread_blocked, id=31200, stack(0x00000047ddb00000,0x00000047ddc00000)]
  0x0000018ef61a1810 JavaThread "Cache worker for Build Output Cleanup Cache (C:\Users\yashr\Desktop\ReactNative\Roomy\Frontend\node_modules\@react-native\gradle-plugin\.gradle\buildOutputCleanup)" [_thread_blocked, id=35924, stack(0x00000047ddd00000,0x00000047dde00000)]
  0x0000018ef61a3160 JavaThread "Unconstrained build operations" [_thread_blocked, id=12536, stack(0x00000047dce00000,0x00000047dcf00000)]
  0x0000018ef61a3670 JavaThread "Unconstrained build operations Thread 2" [_thread_blocked, id=25556, stack(0x00000047ddc00000,0x00000047ddd00000)]
  0x0000018ef61a5ef0 JavaThread "Unconstrained build operations Thread 3" [_thread_blocked, id=36276, stack(0x00000047dde00000,0x00000047ddf00000)]
  0x0000018ef61a59e0 JavaThread "Unconstrained build operations Thread 4" [_thread_blocked, id=16280, stack(0x00000047ddf00000,0x00000047de000000)]
  0x0000018ef61a6400 JavaThread "Unconstrained build operations Thread 5" [_thread_blocked, id=24408, stack(0x00000047de000000,0x00000047de100000)]
  0x0000018ef61a6910 JavaThread "Unconstrained build operations Thread 6" [_thread_blocked, id=33476, stack(0x00000047de100000,0x00000047de200000)]
  0x0000018ef61a45a0 JavaThread "Unconstrained build operations Thread 7" [_thread_blocked, id=24368, stack(0x00000047de300000,0x00000047de400000)]
  0x0000018ef61a6e20 JavaThread "Unconstrained build operations Thread 8" [_thread_blocked, id=17320, stack(0x00000047de400000,0x00000047de500000)]
  0x0000018ef61a7330 JavaThread "Unconstrained build operations Thread 9" [_thread_blocked, id=17888, stack(0x00000047de500000,0x00000047de600000)]
  0x0000018ef61a4ab0 JavaThread "Unconstrained build operations Thread 10" [_thread_blocked, id=23972, stack(0x00000047de600000,0x00000047de700000)]
  0x0000018ef61a3b80 JavaThread "Unconstrained build operations Thread 11" [_thread_blocked, id=27000, stack(0x00000047de700000,0x00000047de800000)]
  0x0000018ef61a7840 JavaThread "Unconstrained build operations Thread 12" [_thread_blocked, id=40024, stack(0x00000047de800000,0x00000047de900000)]
  0x0000018ef61a7d50 JavaThread "Unconstrained build operations Thread 13" [_thread_blocked, id=21432, stack(0x00000047de900000,0x00000047dea00000)]
  0x0000018ef61a9190 JavaThread "Unconstrained build operations Thread 14" [_thread_blocked, id=13636, stack(0x00000047dea00000,0x00000047deb00000)]
  0x0000018ef61a8260 JavaThread "Unconstrained build operations Thread 15" [_thread_blocked, id=40512, stack(0x00000047deb00000,0x00000047dec00000)]
  0x0000018ef61a8770 JavaThread "Unconstrained build operations Thread 16" [_thread_blocked, id=30960, stack(0x00000047dec00000,0x00000047ded00000)]
  0x0000018ef61a8c80 JavaThread "Unconstrained build operations Thread 17" [_thread_blocked, id=8372, stack(0x00000047ded00000,0x00000047dee00000)]
  0x0000018ef7f70990 JavaThread "Unconstrained build operations Thread 18" [_thread_blocked, id=27156, stack(0x00000047dee00000,0x00000047def00000)]
  0x0000018ef7f70480 JavaThread "Unconstrained build operations Thread 19" [_thread_blocked, id=29132, stack(0x00000047def00000,0x00000047df000000)]
  0x0000018ef7f71dd0 JavaThread "Unconstrained build operations Thread 20" [_thread_blocked, id=38676, stack(0x00000047df000000,0x00000047df100000)]
  0x0000018ef7f718c0 JavaThread "Unconstrained build operations Thread 21" [_thread_blocked, id=2052, stack(0x00000047df100000,0x00000047df200000)]
  0x0000018ef7f722e0 JavaThread "Unconstrained build operations Thread 22" [_thread_blocked, id=15304, stack(0x00000047df200000,0x00000047df300000)]
  0x0000018ef7f72d00 JavaThread "Unconstrained build operations Thread 23" [_thread_blocked, id=3348, stack(0x00000047df300000,0x00000047df400000)]
  0x0000018ef7f70ea0 JavaThread "Unconstrained build operations Thread 24" [_thread_blocked, id=28824, stack(0x00000047df400000,0x00000047df500000)]
  0x0000018ef7f73210 JavaThread "Unconstrained build operations Thread 25" [_thread_blocked, id=2692, stack(0x00000047df500000,0x00000047df600000)]
  0x0000018ef7f727f0 JavaThread "Unconstrained build operations Thread 26" [_thread_blocked, id=39440, stack(0x00000047df600000,0x00000047df700000)]
  0x0000018ef7f73720 JavaThread "Unconstrained build operations Thread 27" [_thread_blocked, id=30420, stack(0x00000047df700000,0x00000047df800000)]
  0x0000018ef7f713b0 JavaThread "Unconstrained build operations Thread 28" [_thread_blocked, id=39180, stack(0x00000047df800000,0x00000047df900000)]
  0x0000018ef7f6ff70 JavaThread "Unconstrained build operations Thread 29" [_thread_blocked, id=40048, stack(0x00000047df900000,0x00000047dfa00000)]
  0x0000018ef7f764b0 JavaThread "Unconstrained build operations Thread 30" [_thread_blocked, id=33612, stack(0x00000047dfa00000,0x00000047dfb00000)]
  0x0000018ef7f75a90 JavaThread "Unconstrained build operations Thread 31" [_thread_blocked, id=21116, stack(0x00000047dfb00000,0x00000047dfc00000)]
  0x0000018ef7f75fa0 JavaThread "Unconstrained build operations Thread 32" [_thread_blocked, id=37120, stack(0x00000047dfc00000,0x00000047dfd00000)]
  0x0000018ef7f75070 JavaThread "Unconstrained build operations Thread 33" [_thread_blocked, id=29736, stack(0x00000047dfd00000,0x00000047dfe00000)]
  0x0000018ef7f73c30 JavaThread "Unconstrained build operations Thread 34" [_thread_blocked, id=20168, stack(0x00000047dfe00000,0x00000047dff00000)]
  0x0000018ef7f773e0 JavaThread "Unconstrained build operations Thread 35" [_thread_blocked, id=40820, stack(0x00000047dff00000,0x00000047e0000000)]
  0x0000018ef7f769c0 JavaThread "Unconstrained build operations Thread 36" [_thread_blocked, id=12724, stack(0x00000047e0000000,0x00000047e0100000)]
  0x0000018ef7f75580 JavaThread "Unconstrained build operations Thread 37" [_thread_blocked, id=26364, stack(0x00000047e0100000,0x00000047e0200000)]
  0x0000018ef7f76ed0 JavaThread "Unconstrained build operations Thread 38" [_thread_blocked, id=35160, stack(0x00000047e0200000,0x00000047e0300000)]
  0x0000018ef7f778f0 JavaThread "Unconstrained build operations Thread 39" [_thread_blocked, id=4728, stack(0x00000047e0300000,0x00000047e0400000)]
  0x0000018ef7f74650 JavaThread "build event listener" [_thread_blocked, id=39596, stack(0x00000047e0400000,0x00000047e0500000)]
  0x0000018ef7f74b60 JavaThread "Memory manager" [_thread_blocked, id=20216, stack(0x00000047de200000,0x00000047de300000)]
  0x0000018ef53abcd0 JavaThread "ForkJoinPool.commonPool-worker-1" daemon [_thread_blocked, id=35496, stack(0x00000047e0500000,0x00000047e0600000)]
  0x0000018ef53aea60 JavaThread "ForkJoinPool.commonPool-worker-2" daemon [_thread_blocked, id=30484, stack(0x00000047e0600000,0x00000047e0700000)]
  0x0000018ef53ad110 JavaThread "ForkJoinPool.commonPool-worker-4" daemon [_thread_blocked, id=38752, stack(0x00000047e0700000,0x00000047e0800000)]
  0x0000018ef53ad620 JavaThread "ForkJoinPool.commonPool-worker-3" daemon [_thread_blocked, id=31140, stack(0x00000047e0800000,0x00000047e0900000)]
  0x0000018ef53acc00 JavaThread "ForkJoinPool.commonPool-worker-5" daemon [_thread_blocked, id=25448, stack(0x00000047e0900000,0x00000047e0a00000)]
  0x0000018ef53ac1e0 JavaThread "ForkJoinPool.commonPool-worker-6" daemon [_thread_blocked, id=9264, stack(0x00000047e0a00000,0x00000047e0b00000)]
  0x0000018ef53ae040 JavaThread "ForkJoinPool.commonPool-worker-7" daemon [_thread_blocked, id=20576, stack(0x00000047e0b00000,0x00000047e0c00000)]
  0x0000018ef53ab7c0 JavaThread "ForkJoinPool.commonPool-worker-8" daemon [_thread_blocked, id=40892, stack(0x00000047e0c00000,0x00000047e0d00000)]
  0x0000018ef53ae550 JavaThread "included builds" [_thread_blocked, id=37708, stack(0x00000047e0d00000,0x00000047e0e00000)]
  0x0000018ef53aef70 JavaThread "Execution worker" [_thread_blocked, id=8, stack(0x00000047e0e00000,0x00000047e0f00000)]
  0x0000018ef53b03b0 JavaThread "Execution worker Thread 2" [_thread_blocked, id=18620, stack(0x00000047e0f00000,0x00000047e1000000)]
  0x0000018ef53b0dd0 JavaThread "Execution worker Thread 3" [_thread_blocked, id=22620, stack(0x00000047e1000000,0x00000047e1100000)]
  0x0000018ef53b12e0 JavaThread "Execution worker Thread 4" [_thread_blocked, id=18868, stack(0x00000047e1100000,0x00000047e1200000)]
  0x0000018ef53b17f0 JavaThread "Execution worker Thread 5" [_thread_blocked, id=34616, stack(0x00000047e1200000,0x00000047e1300000)]
  0x0000018ef53af480 JavaThread "Execution worker Thread 6" [_thread_blocked, id=40516, stack(0x00000047e1300000,0x00000047e1400000)]
  0x0000018ef53b1d00 JavaThread "Execution worker Thread 7" [_thread_in_Java, id=23300, stack(0x00000047e1400000,0x00000047e1500000)]
  0x0000018ef53b2210 JavaThread "Execution worker Thread 8" [_thread_blocked, id=20820, stack(0x00000047e1500000,0x00000047e1600000)]
  0x0000018ef53af990 JavaThread "Execution worker Thread 9" [_thread_blocked, id=22488, stack(0x00000047e1600000,0x00000047e1700000)]
  0x0000018ef53b2720 JavaThread "Execution worker Thread 10" [_thread_blocked, id=37280, stack(0x00000047e1700000,0x00000047e1800000)]
  0x0000018ef53afea0 JavaThread "Execution worker Thread 11" [_thread_blocked, id=8784, stack(0x00000047e1800000,0x00000047e1900000)]
  0x0000018ef53b08c0 JavaThread "Cache worker for execution history cache (C:\Users\yashr\Desktop\ReactNative\Roomy\Frontend\node_modules\@react-native\gradle-plugin\.gradle\9.0.0\executionHistory)" [_thread_blocked, id=39692, stack(0x00000047e1900000,0x00000047e1a00000)]
  0x0000018ef63dce80 JavaThread "Unconstrained build operations Thread 40" [_thread_blocked, id=9156, stack(0x00000047e1a00000,0x00000047e1b00000)]
  0x0000018ef63dbf50 JavaThread "Unconstrained build operations Thread 41" [_thread_blocked, id=21224, stack(0x00000047e1b00000,0x00000047e1c00000)]
  0x0000018ef63db020 JavaThread "Unconstrained build operations Thread 42" [_thread_blocked, id=2508, stack(0x00000047e1c00000,0x00000047e1d00000)]
  0x0000018ef63dc460 JavaThread "Unconstrained build operations Thread 43" [_thread_blocked, id=716, stack(0x00000047e1d00000,0x00000047e1e00000)]
  0x0000018ef63dab10 JavaThread "Unconstrained build operations Thread 44" [_thread_blocked, id=37972, stack(0x00000047e1e00000,0x00000047e1f00000)]
  0x0000018ef63da600 JavaThread "Unconstrained build operations Thread 45" [_thread_blocked, id=10760, stack(0x00000047e1f00000,0x00000047e2000000)]
  0x0000018ef63dc970 JavaThread "Unconstrained build operations Thread 46" [_thread_blocked, id=25704, stack(0x00000047e2000000,0x00000047e2100000)]
  0x0000018ef63dd390 JavaThread "Unconstrained build operations Thread 47" [_thread_blocked, id=23296, stack(0x00000047e2100000,0x00000047e2200000)]
  0x0000018ef63dba40 JavaThread "Unconstrained build operations Thread 48" [_thread_blocked, id=11608, stack(0x00000047e2200000,0x00000047e2300000)]
  0x0000018ef63db530 JavaThread "Unconstrained build operations Thread 49" [_thread_blocked, id=29540, stack(0x00000047e2300000,0x00000047e2400000)]
  0x0000018ef63dd8a0 JavaThread "Unconstrained build operations Thread 50" [_thread_blocked, id=29112, stack(0x00000047e2400000,0x00000047e2500000)]
  0x0000018ef63da0f0 JavaThread "Unconstrained build operations Thread 51" [_thread_blocked, id=16068, stack(0x00000047e2500000,0x00000047e2600000)]
  0x0000018ef63df1f0 JavaThread "Unconstrained build operations Thread 52" [_thread_blocked, id=1272, stack(0x00000047e2600000,0x00000047e2700000)]
  0x0000018ef63e0b40 JavaThread "Unconstrained build operations Thread 53" [_thread_blocked, id=35868, stack(0x00000047e2700000,0x00000047e2800000)]
  0x0000018ef63dddb0 JavaThread "Unconstrained build operations Thread 54" [_thread_blocked, id=12344, stack(0x00000047e2800000,0x00000047e2900000)]
  0x0000018ef63dece0 JavaThread "Unconstrained build operations Thread 55" [_thread_blocked, id=792, stack(0x00000047e2900000,0x00000047e2a00000)]
  0x0000018ef63e1050 JavaThread "Unconstrained build operations Thread 56" [_thread_blocked, id=3488, stack(0x00000047e2a00000,0x00000047e2b00000)]
  0x0000018ef63e0630 JavaThread "Unconstrained build operations Thread 57" [_thread_blocked, id=12032, stack(0x00000047e2b00000,0x00000047e2c00000)]
  0x0000018ef63e1560 JavaThread "Unconstrained build operations Thread 58" [_thread_blocked, id=31752, stack(0x00000047e2c00000,0x00000047e2d00000)]
  0x0000018ef63dfc10 JavaThread "Unconstrained build operations Thread 59" [_thread_blocked, id=38100, stack(0x00000047e2d00000,0x00000047e2e00000)]
  0x0000018ef63e0120 JavaThread "Unconstrained build operations Thread 60" [_thread_blocked, id=25760, stack(0x00000047e2e00000,0x00000047e2f00000)]
  0x0000018ef63de2c0 JavaThread "Unconstrained build operations Thread 61" [_thread_blocked, id=34036, stack(0x00000047e2f00000,0x00000047e3000000)]
  0x0000018ef63df700 JavaThread "Unconstrained build operations Thread 62" [_thread_blocked, id=20428, stack(0x00000047e3000000,0x00000047e3100000)]
  0x0000018ef63de7d0 JavaThread "Unconstrained build operations Thread 63" [_thread_blocked, id=6888, stack(0x00000047e3100000,0x00000047e3200000)]
  0x0000018ef44121e0 JavaThread "Unconstrained build operations Thread 64" [_thread_blocked, id=34248, stack(0x00000047e3200000,0x00000047e3300000)]
  0x0000018ef4414550 JavaThread "Unconstrained build operations Thread 65" [_thread_blocked, id=30572, stack(0x00000047e3300000,0x00000047e3400000)]
  0x0000018ef4413b30 JavaThread "Unconstrained build operations Thread 66" [_thread_blocked, id=13148, stack(0x00000047e3400000,0x00000047e3500000)]
  0x0000018ef4415ea0 JavaThread "Unconstrained build operations Thread 67" [_thread_blocked, id=36464, stack(0x00000047e3500000,0x00000047e3600000)]
  0x0000018ef4415990 JavaThread "Unconstrained build operations Thread 68" [_thread_blocked, id=22424, stack(0x00000047e3600000,0x00000047e3700000)]
  0x0000018ef4413110 JavaThread "Unconstrained build operations Thread 69" [_thread_blocked, id=15948, stack(0x00000047e3700000,0x00000047e3800000)]
  0x0000018ef4414040 JavaThread "Unconstrained build operations Thread 70" [_thread_blocked, id=5128, stack(0x00000047e3800000,0x00000047e3900000)]
  0x0000018ef4414a60 JavaThread "Unconstrained build operations Thread 71" [_thread_blocked, id=34604, stack(0x00000047e3900000,0x00000047e3a00000)]
  0x0000018ef4414f70 JavaThread "Unconstrained build operations Thread 72" [_thread_blocked, id=38064, stack(0x00000047e3a00000,0x00000047e3b00000)]
  0x0000018ef4415480 JavaThread "Unconstrained build operations Thread 73" [_thread_blocked, id=31164, stack(0x00000047e3b00000,0x00000047e3c00000)]
  0x0000018ef44126f0 JavaThread "Unconstrained build operations Thread 74" [_thread_blocked, id=37740, stack(0x00000047e3c00000,0x00000047e3d00000)]
  0x0000018ef4413620 JavaThread "Unconstrained build operations Thread 75" [_thread_blocked, id=24496, stack(0x00000047e3d00000,0x00000047e3e00000)]
  0x0000018ef44163b0 JavaThread "Unconstrained build operations Thread 76" [_thread_blocked, id=12488, stack(0x00000047e3e00000,0x00000047e3f00000)]
  0x0000018ef4412c00 JavaThread "Unconstrained build operations Thread 77" [_thread_blocked, id=31112, stack(0x00000047e3f00000,0x00000047e4000000)]
  0x0000018ef4416dd0 JavaThread "Unconstrained build operations Thread 78" [_thread_blocked, id=16936, stack(0x00000047e4000000,0x00000047e4100000)]
  0x0000018ef4419140 JavaThread "Unconstrained build operations Thread 79" [_thread_blocked, id=39088, stack(0x00000047e4100000,0x00000047e4200000)]
  0x0000018ef44177f0 JavaThread "Unconstrained build operations Thread 80" [_thread_blocked, id=36944, stack(0x00000047e4200000,0x00000047e4300000)]
  0x0000018ef44168c0 JavaThread "Unconstrained build operations Thread 81" [_thread_blocked, id=14100, stack(0x00000047e4300000,0x00000047e4400000)]
  0x0000018ef4419b60 JavaThread "Unconstrained build operations Thread 82" [_thread_blocked, id=40124, stack(0x00000047e4400000,0x00000047e4500000)]
  0x0000018ef44172e0 JavaThread "Unconstrained build operations Thread 83" [_thread_blocked, id=6552, stack(0x00000047e4500000,0x00000047e4600000)]
  0x0000018ef4418720 JavaThread "Unconstrained build operations Thread 84" [_thread_blocked, id=33040, stack(0x00000047e4600000,0x00000047e4700000)]
  0x0000018ef4418210 JavaThread "Unconstrained build operations Thread 85" [_thread_blocked, id=30184, stack(0x00000047e4700000,0x00000047e4800000)]
  0x0000018ef4418c30 JavaThread "Unconstrained build operations Thread 86" [_thread_blocked, id=4488, stack(0x00000047e4800000,0x00000047e4900000)]
  0x0000018ef4419650 JavaThread "Unconstrained build operations Thread 87" [_thread_blocked, id=39716, stack(0x00000047e4900000,0x00000047e4a00000)]
  0x0000018ef4417d00 JavaThread "Unconstrained build operations Thread 88" [_thread_blocked, id=34192, stack(0x00000047e4a00000,0x00000047e4b00000)]
  0x0000018eefa99dc0 JavaThread "Unconstrained build operations Thread 89" [_thread_blocked, id=39272, stack(0x00000047e4b00000,0x00000047e4c00000)]
  0x0000018eefa9c130 JavaThread "Unconstrained build operations Thread 90" [_thread_blocked, id=8604, stack(0x00000047e4c00000,0x00000047e4d00000)]
  0x0000018eefa98e90 JavaThread "Unconstrained build operations Thread 91" [_thread_blocked, id=25776, stack(0x00000047e4d00000,0x00000047e4e00000)]
  0x0000018eefa9a2d0 JavaThread "Unconstrained build operations Thread 92" [_thread_blocked, id=36200, stack(0x00000047e4e00000,0x00000047e4f00000)]
  0x0000018eefa9c640 JavaThread "Unconstrained build operations Thread 93" [_thread_blocked, id=10508, stack(0x00000047e4f00000,0x00000047e5000000)]
  0x0000018eefa9cb50 JavaThread "Unconstrained build operations Thread 94" [_thread_blocked, id=10524, stack(0x00000047e5000000,0x00000047e5100000)]
  0x0000018eefa9acf0 JavaThread "Unconstrained build operations Thread 95" [_thread_blocked, id=22788, stack(0x00000047e5100000,0x00000047e5200000)]
  0x0000018eefa9a7e0 JavaThread "Unconstrained build operations Thread 96" [_thread_blocked, id=15212, stack(0x00000047e5200000,0x00000047e5300000)]
  0x0000018eefa9bc20 JavaThread "Unconstrained build operations Thread 97" [_thread_blocked, id=39216, stack(0x00000047e5300000,0x00000047e5400000)]
  0x0000018eefa9b710 JavaThread "Unconstrained build operations Thread 98" [_thread_blocked, id=40016, stack(0x00000047e5400000,0x00000047e5500000)]
  0x0000018eefa993a0 JavaThread "Unconstrained build operations Thread 99" [_thread_blocked, id=11084, stack(0x00000047e5500000,0x00000047e5600000)]
  0x0000018eefa998b0 JavaThread "Unconstrained build operations Thread 100" [_thread_blocked, id=34444, stack(0x00000047e5600000,0x00000047e5700000)]
  0x0000018eefa9d570 JavaThread "Unconstrained build operations Thread 101" [_thread_blocked, id=39864, stack(0x00000047e5700000,0x00000047e5800000)]
  0x0000018eefa9da80 JavaThread "Unconstrained build operations Thread 102" [_thread_blocked, id=5924, stack(0x00000047e5800000,0x00000047e5900000)]
  0x0000018eefa9d060 JavaThread "Unconstrained build operations Thread 103" [_thread_blocked, id=39872, stack(0x00000047e5900000,0x00000047e5a00000)]
  0x0000018eefa9df90 JavaThread "Unconstrained build operations Thread 104" [_thread_blocked, id=28400, stack(0x00000047e5a00000,0x00000047e5b00000)]
  0x0000018eefa9e9b0 JavaThread "Unconstrained build operations Thread 105" [_thread_blocked, id=37496, stack(0x00000047e5b00000,0x00000047e5c00000)]
  0x0000018eefa9b200 JavaThread "Unconstrained build operations Thread 106" [_thread_blocked, id=10200, stack(0x00000047e5c00000,0x00000047e5d00000)]
  0x0000018eefa9e4a0 JavaThread "Unconstrained build operations Thread 107" [_thread_blocked, id=20604, stack(0x00000047e5d00000,0x00000047e5e00000)]
  0x0000018eefa9eec0 JavaThread "Unconstrained build operations Thread 108" [_thread_blocked, id=29396, stack(0x00000047e5e00000,0x00000047e5f00000)]
  0x0000018eefa9fdf0 JavaThread "Unconstrained build operations Thread 109" [_thread_blocked, id=1768, stack(0x00000047e5f00000,0x00000047e6000000)]
  0x0000018eefa9f3d0 JavaThread "Unconstrained build operations Thread 110" [_thread_blocked, id=13864, stack(0x00000047e6000000,0x00000047e6100000)]
  0x0000018eefaa0300 JavaThread "Unconstrained build operations Thread 111" [_thread_blocked, id=39712, stack(0x00000047e6100000,0x00000047e6200000)]
  0x0000018eefa9f8e0 JavaThread "Unconstrained build operations Thread 112" [_thread_blocked, id=14468, stack(0x00000047e6200000,0x00000047e6300000)]
  0x0000018eefaa0810 JavaThread "jar transforms Thread 2" [_thread_blocked, id=28792, stack(0x00000047e6300000,0x00000047e6400000)]
  0x0000018ef7f91910 JavaThread "jar transforms Thread 3" [_thread_blocked, id=39396, stack(0x00000047e6400000,0x00000047e6500000)]
  0x0000018ef7f91e20 JavaThread "Unconstrained build operations Thread 113" [_thread_blocked, id=3204, stack(0x00000047e6800000,0x00000047e6900000)]
  0x0000018ef7f91400 JavaThread "Unconstrained build operations Thread 114" [_thread_blocked, id=28536, stack(0x00000047e6900000,0x00000047e6a00000)]
  0x0000018ef7f92840 JavaThread "Unconstrained build operations Thread 115" [_thread_blocked, id=3252, stack(0x00000047e6a00000,0x00000047e6b00000)]
  0x0000018ef7f904d0 JavaThread "Unconstrained build operations Thread 116" [_thread_blocked, id=30312, stack(0x00000047e6b00000,0x00000047e6c00000)]
  0x0000018ef7f8ffc0 JavaThread "Unconstrained build operations Thread 117" [_thread_blocked, id=35556, stack(0x00000047e6c00000,0x00000047e6d00000)]
  0x0000018ef7f92330 JavaThread "Unconstrained build operations Thread 118" [_thread_blocked, id=40712, stack(0x00000047e6d00000,0x00000047e6e00000)]
  0x0000018ef7f909e0 JavaThread "Unconstrained build operations Thread 119" [_thread_blocked, id=29476, stack(0x00000047e6e00000,0x00000047e6f00000)]
  0x0000018ef7f950c0 JavaThread "Unconstrained build operations Thread 120" [_thread_blocked, id=5884, stack(0x00000047e6f00000,0x00000047e7000000)]
  0x0000018ef7f946a0 JavaThread "jar transforms Thread 4" [_thread_blocked, id=18808, stack(0x00000047e7000000,0x00000047e7100000)]
  0x0000018ef7f90ef0 JavaThread "jar transforms Thread 5" [_thread_blocked, id=13268, stack(0x00000047e6700000,0x00000047e6800000)]
  0x0000018ef7f97430 JavaThread "jar transforms Thread 6" [_thread_blocked, id=26532, stack(0x00000047e7200000,0x00000047e7300000)]
  0x0000018ef7f96500 JavaThread "build event listener" [_thread_blocked, id=3164, stack(0x00000047e7300000,0x00000047e7400000)]
  0x0000018ef7f97940 JavaThread "Problems report writer" [_thread_blocked, id=24752, stack(0x00000047e7400000,0x00000047e7500000)]
  0x0000018ef7f96f20 JavaThread "jar transforms Thread 7" [_thread_blocked, id=38360, stack(0x00000047e7600000,0x00000047e7700000)]
  0x0000018efaf66640 JavaThread "jar transforms Thread 8" [_thread_blocked, id=16616, stack(0x00000047e7700000,0x00000047e7800000)]
  0x0000018efaf684a0 JavaThread "jar transforms Thread 9" [_thread_blocked, id=29192, stack(0x00000047e7100000,0x00000047e7200000)]
  0x0000018ef935bc80 JavaThread "jar transforms Thread 10" [_thread_blocked, id=16544, stack(0x00000047e7500000,0x00000047e7600000)]
  0x0000018ef935b770 JavaThread "jar transforms Thread 11" [_thread_blocked, id=16888, stack(0x00000047e7800000,0x00000047e7900000)]
  0x0000018ef935c6a0 JavaThread "jar transforms Thread 12" [_thread_blocked, id=25788, stack(0x00000047e7a00000,0x00000047e7b00000)]
  0x0000018ef935ea10 JavaThread "Exec process" [_thread_in_native, id=32072, stack(0x00000047da200000,0x00000047da300000)]
  0x0000018ef935b260 JavaThread "Exec process Thread 2" [_thread_in_native, id=40576, stack(0x00000047da300000,0x00000047da400000)]
  0x0000018ef93626d0 JavaThread "Exec process Thread 3" [_thread_in_native, id=29048, stack(0x00000047da400000,0x00000047da500000)]
  0x0000018ef9360d80 JavaThread "ForkJoinPool.commonPool-worker-10" daemon [_thread_blocked, id=7308, stack(0x00000047e7900000,0x00000047e7a00000)]
  0x0000018ef935ef20 JavaThread "ForkJoinPool.commonPool-worker-9" daemon [_thread_blocked, id=32692, stack(0x00000047e7b00000,0x00000047e7c00000)]
  0x0000018ef93617a0 JavaThread "ForkJoinPool.commonPool-worker-11" daemon [_thread_blocked, id=37488, stack(0x00000047e7c00000,0x00000047e7d00000)]
  0x0000018ef7f93c80 JavaThread "Cache worker for execution history cache (C:\Users\yashr\Desktop\ReactNative\Roomy\Frontend\android\.gradle\9.0.0\executionHistory)" [_thread_blocked, id=6304, stack(0x00000047e7f00000,0x00000047e8000000)]
  0x0000018ea1e82800 JavaThread "Cache worker for Java compile cache (C:\Users\yashr\.gradle\caches\9.0.0\javaCompile)" [_thread_blocked, id=21160, stack(0x00000047e8000000,0x00000047e8100000)]
  0x0000018ea1e83220 JavaThread "Build operations" [_thread_blocked, id=36924, stack(0x00000047e8100000,0x00000047e8200000)]
  0x0000018ea1e813c0 JavaThread "Build operations Thread 2" [_thread_blocked, id=38932, stack(0x00000047e8200000,0x00000047e8300000)]
  0x0000018ea1e84150 JavaThread "Build operations Thread 3" [_thread_blocked, id=38112, stack(0x00000047e8300000,0x00000047e8400000)]
  0x0000018ea1e809a0 JavaThread "Build operations Thread 4" [_thread_blocked, id=26052, stack(0x00000047e8400000,0x00000047e8500000)]
  0x0000018ea1e818d0 JavaThread "Build operations Thread 5" [_thread_blocked, id=25028, stack(0x00000047e8500000,0x00000047e8600000)]
  0x0000018ea1e81de0 JavaThread "Build operations Thread 6" [_thread_blocked, id=9584, stack(0x00000047e8600000,0x00000047e8700000)]
  0x0000018ea1e80eb0 JavaThread "Build operations Thread 7" [_thread_blocked, id=18016, stack(0x00000047e8700000,0x00000047e8800000)]
  0x0000018ea1e822f0 JavaThread "Build operations Thread 8" [_thread_blocked, id=33764, stack(0x00000047e8800000,0x00000047e8900000)]
  0x0000018ea1e85080 JavaThread "Build operations Thread 9" [_thread_blocked, id=13580, stack(0x00000047e8900000,0x00000047e8a00000)]
  0x0000018ea1e85590 JavaThread "Build operations Thread 10" [_thread_blocked, id=35776, stack(0x00000047e8a00000,0x00000047e8b00000)]
  0x0000018ea1e87900 JavaThread "Build operations Thread 11" [_thread_blocked, id=6720, stack(0x00000047e8b00000,0x00000047e8c00000)]
  0x0000018ea1e873f0 JavaThread "WorkerExecutor Queue" [_thread_blocked, id=34072, stack(0x00000047e8c00000,0x00000047e8d00000)]
  0x0000018ea1e85fb0 JavaThread "Build operations Thread 12" [_thread_blocked, id=2688, stack(0x00000047e8d00000,0x00000047e8e00000)]
  0x0000018ea1e84660 JavaThread "WorkerExecutor Queue Thread 2" [_thread_blocked, id=40884, stack(0x00000047e8e00000,0x00000047e8f00000)]
  0x0000018ea1e89250 JavaThread "WorkerExecutor Queue Thread 3" [_thread_blocked, id=17788, stack(0x00000047e8f00000,0x00000047e9000000)]
  0x0000018ea1e86ee0 JavaThread "WorkerExecutor Queue Thread 4" [_thread_blocked, id=39684, stack(0x00000047e9000000,0x00000047e9100000)]
  0x0000018ea1e88830 JavaThread "WorkerExecutor Queue Thread 5" [_thread_blocked, id=39772, stack(0x00000047e7e00000,0x00000047e7f00000)]
  0x0000018ef93e1f30 JavaThread "C2 CompilerThread1" daemon [_thread_in_native, id=34400, stack(0x00000047e7d00000,0x00000047e7e00000)]
  0x0000018ef93e6ee0 JavaThread "C2 CompilerThread2" daemon [_thread_in_native, id=38880, stack(0x00000047e9200000,0x00000047e9300000)]
  0x0000018ea1e83c40 JavaThread "WorkerExecutor Queue Thread 6" [_thread_blocked, id=2952, stack(0x00000047e9300000,0x00000047e9400000)]
  0x0000018ea1e8aba0 JavaThread "WorkerExecutor Queue Thread 7" [_thread_blocked, id=13128, stack(0x00000047e9400000,0x00000047e9500000)]
  0x0000018ea1e8b5c0 JavaThread "RMI Scheduler(0)" daemon [_thread_blocked, id=13884, stack(0x00000047e9500000,0x00000047e9600000)]
  0x0000018ea1e8a690 JavaThread "RMI RenewClean-[127.0.0.1:17172,org.jetbrains.kotlin.daemon.common.LoopbackNetworkInterface$ClientLoopbackSocketFactory@7adba580]" daemon [_thread_blocked, id=6924, stack(0x00000047e9600000,0x00000047e9700000)]
  0x0000018ea1e8bfe0 JavaThread "RMI GC Daemon" daemon [_thread_blocked, id=8908, stack(0x00000047e9700000,0x00000047e9800000)]
  0x0000018ea1e89c70 JavaThread "RMI TCP Accept-0" daemon [_thread_in_native, id=40416, stack(0x00000047e9800000,0x00000047e9900000)]
  0x0000018ea1e8c4f0 JavaThread "RMI Reaper" [_thread_blocked, id=2580, stack(0x00000047e9900000,0x00000047e9a00000)]
  0x0000018ea1e8a180 JavaThread "RMI TCP Connection(1)-127.0.0.1" daemon [_thread_in_native, id=40308, stack(0x00000047e9a00000,0x00000047e9b00000)]

Other Threads:
  0x0000018eef170500 VMThread "VM Thread" [stack: 0x00000047dab00000,0x00000047dac00000] [id=39388]
  0x0000018ed0e82480 WatcherThread [stack: 0x00000047db700000,0x00000047db800000] [id=36324]
  0x0000018ed0edf4a0 GCTaskThread "GC Thread#0" [stack: 0x00000047da600000,0x00000047da700000] [id=38988]
  0x0000018eefb14fb0 GCTaskThread "GC Thread#1" [stack: 0x00000047dba00000,0x00000047dbb00000] [id=27760]
  0x0000018ef4358850 GCTaskThread "GC Thread#2" [stack: 0x00000047dbb00000,0x00000047dbc00000] [id=20024]
  0x0000018ef4358b20 GCTaskThread "GC Thread#3" [stack: 0x00000047dbc00000,0x00000047dbd00000] [id=25380]
  0x0000018ef474c7a0 GCTaskThread "GC Thread#4" [stack: 0x00000047dbd00000,0x00000047dbe00000] [id=31912]
  0x0000018ef474cd40 GCTaskThread "GC Thread#5" [stack: 0x00000047dbe00000,0x00000047dbf00000] [id=37900]
  0x0000018ef474c4d0 GCTaskThread "GC Thread#6" [stack: 0x00000047dbf00000,0x00000047dc000000] [id=25460]
  0x0000018ef474ca70 GCTaskThread "GC Thread#7" [stack: 0x00000047dc000000,0x00000047dc100000] [id=36284]
  0x0000018ef474d5b0 GCTaskThread "GC Thread#8" [stack: 0x00000047dc100000,0x00000047dc200000] [id=38408]
  0x0000018ef4e23fd0 GCTaskThread "GC Thread#9" [stack: 0x00000047dd000000,0x00000047dd100000] [id=38652]
  0x0000018ed0ef1320 ConcurrentGCThread "G1 Main Marker" [stack: 0x00000047da700000,0x00000047da800000] [id=26152]
  0x0000018ed0ef30c0 ConcurrentGCThread "G1 Conc#0" [stack: 0x00000047da800000,0x00000047da900000] [id=33372]
  0x0000018ef4e23d00 ConcurrentGCThread "G1 Conc#1" [stack: 0x00000047dd100000,0x00000047dd200000] [id=39984]
  0x0000018ef4e24570 ConcurrentGCThread "G1 Conc#2" [stack: 0x00000047dd200000,0x00000047dd300000] [id=39280]
  0x0000018ed0f2ea80 ConcurrentGCThread "G1 Refine#0" [stack: 0x00000047da900000,0x00000047daa00000] [id=40816]
  0x0000018ef4ca7820 ConcurrentGCThread "G1 Refine#1" [stack: 0x00000047dc200000,0x00000047dc300000] [id=6872]
  0x0000018eef0af180 ConcurrentGCThread "G1 Service" [stack: 0x00000047daa00000,0x00000047dab00000] [id=35452]

Threads with active compile tasks:
C2 CompilerThread0  113596 30427 %     4       com.android.tools.r8.internal.rT::a @ 1059 (3042 bytes)
C2 CompilerThread1  113596 30458       4       com.android.tools.r8.internal.uy0::a (616 bytes)
C2 CompilerThread2  113596 30449       4       com.android.tools.r8.internal.sy0::a (153 bytes)

VM state: not at safepoint (normal execution)

VM Mutex/Monitor currently owned by a thread: None

Heap address: 0x0000000080000000, size: 2048 MB, Compressed Oops mode: 32-bit

CDS archive(s) mapped at: [0x0000018e80000000-0x0000018e80bb0000-0x0000018e80bb0000), size 12255232, SharedBaseAddress: 0x0000018e80000000, ArchiveRelocationMode: 1.
Compressed class space mapped at: 0x0000018e81000000-0x0000018e9b000000, reserved size: 436207616
Narrow klass base: 0x0000018e80000000, Narrow klass shift: 0, Narrow klass range: 0x100000000

GC Precious Log:
 CPUs: 12 total, 12 available
 Memory: 24283M
 Large Page Support: Disabled
 NUMA Support: Disabled
 Compressed Oops: Enabled (32-bit)
 Heap Region Size: 1M
 Heap Min Capacity: 8M
 Heap Initial Capacity: 380M
 Heap Max Capacity: 2G
 Pre-touch: Disabled
 Parallel Workers: 10
 Concurrent Workers: 3
 Concurrent Refinement Workers: 10
 Periodic GC: Disabled

Heap:
 garbage-first heap   total 616448K, used 513429K [0x0000000080000000, 0x0000000100000000)
  region size 1024K, 179 young (183296K), 8 survivors (8192K)
 Metaspace       used 157339K, committed 159680K, reserved 622592K
  class space    used 21634K, committed 22784K, reserved 425984K

Heap Regions: E=young(eden), S=young(survivor), O=old, HS=humongous(starts), HC=humongous(continues), CS=collection set, F=free, OA=open archive, CA=closed archive, TAMS=top-at-mark-start (previous, next)
|   0|0x0000000080000000, 0x0000000080100000, 0x0000000080100000|100%|HS|  |TAMS 0x0000000080100000, 0x0000000080000000| Complete 
|   1|0x0000000080100000, 0x0000000080200000, 0x0000000080200000|100%|HC|  |TAMS 0x0000000080200000, 0x0000000080100000| Complete 
|   2|0x0000000080200000, 0x0000000080300000, 0x0000000080300000|100%|HC|  |TAMS 0x0000000080300000, 0x0000000080200000| Complete 
|   3|0x0000000080300000, 0x0000000080400000, 0x0000000080400000|100%| O|  |TAMS 0x0000000080400000, 0x0000000080300000| Untracked 
|   4|0x0000000080400000, 0x0000000080500000, 0x0000000080500000|100%| O|  |TAMS 0x0000000080500000, 0x0000000080400000| Untracked 
|   5|0x0000000080500000, 0x00000000805ffff8, 0x0000000080600000| 99%| O|  |TAMS 0x00000000805ffff8, 0x0000000080500000| Untracked 
|   6|0x0000000080600000, 0x0000000080700000, 0x0000000080700000|100%| O|  |TAMS 0x0000000080700000, 0x0000000080600000| Untracked 
|   7|0x0000000080700000, 0x0000000080800000, 0x0000000080800000|100%|HS|  |TAMS 0x0000000080800000, 0x0000000080700000| Complete 
|   8|0x0000000080800000, 0x0000000080900000, 0x0000000080900000|100%| O|  |TAMS 0x0000000080900000, 0x0000000080800000| Untracked 
|   9|0x0000000080900000, 0x0000000080a00000, 0x0000000080a00000|100%| O|  |TAMS 0x0000000080a00000, 0x0000000080900000| Untracked 
|  10|0x0000000080a00000, 0x0000000080b00000, 0x0000000080b00000|100%| O|  |TAMS 0x0000000080b00000, 0x0000000080a00000| Untracked 
|  11|0x0000000080b00000, 0x0000000080c00000, 0x0000000080c00000|100%| O|  |TAMS 0x0000000080c00000, 0x0000000080b00000| Untracked 
|  12|0x0000000080c00000, 0x0000000080d00000, 0x0000000080d00000|100%| O|  |TAMS 0x0000000080d00000, 0x0000000080c00000| Untracked 
|  13|0x0000000080d00000, 0x0000000080e00000, 0x0000000080e00000|100%| O|  |TAMS 0x0000000080e00000, 0x0000000080d00000| Untracked 
|  14|0x0000000080e00000, 0x0000000080f00000, 0x0000000080f00000|100%| O|  |TAMS 0x0000000080f00000, 0x0000000080e00000| Untracked 
|  15|0x0000000080f00000, 0x0000000081000000, 0x0000000081000000|100%| O|  |TAMS 0x0000000081000000, 0x0000000080f00000| Untracked 
|  16|0x0000000081000000, 0x0000000081100000, 0x0000000081100000|100%| O|  |TAMS 0x0000000081100000, 0x0000000081000000| Untracked 
|  17|0x0000000081100000, 0x0000000081200000, 0x0000000081200000|100%| O|  |TAMS 0x0000000081200000, 0x0000000081100000| Untracked 
|  18|0x0000000081200000, 0x0000000081300000, 0x0000000081300000|100%| O|  |TAMS 0x0000000081300000, 0x0000000081200000| Untracked 
|  19|0x0000000081300000, 0x0000000081400000, 0x0000000081400000|100%| O|  |TAMS 0x0000000081400000, 0x0000000081300000| Untracked 
|  20|0x0000000081400000, 0x0000000081500000, 0x0000000081500000|100%| O|  |TAMS 0x0000000081500000, 0x0000000081400000| Untracked 
|  21|0x0000000081500000, 0x0000000081600000, 0x0000000081600000|100%| O|  |TAMS 0x0000000081600000, 0x0000000081500000| Untracked 
|  22|0x0000000081600000, 0x0000000081700000, 0x0000000081700000|100%| O|  |TAMS 0x0000000081700000, 0x0000000081600000| Untracked 
|  23|0x0000000081700000, 0x0000000081800000, 0x0000000081800000|100%| O|  |TAMS 0x0000000081800000, 0x0000000081700000| Untracked 
|  24|0x0000000081800000, 0x00000000818b8800, 0x0000000081900000| 72%| O|  |TAMS 0x00000000818b8800, 0x0000000081800000| Untracked 
|  25|0x0000000081900000, 0x0000000081a00000, 0x0000000081a00000|100%| O|  |TAMS 0x0000000081a00000, 0x0000000081900000| Untracked 
|  26|0x0000000081a00000, 0x0000000081b00000, 0x0000000081b00000|100%| O|  |TAMS 0x0000000081b00000, 0x0000000081a00000| Untracked 
|  27|0x0000000081b00000, 0x0000000081c00000, 0x0000000081c00000|100%| O|  |TAMS 0x0000000081c00000, 0x0000000081b00000| Untracked 
|  28|0x0000000081c00000, 0x0000000081d00000, 0x0000000081d00000|100%| O|  |TAMS 0x0000000081d00000, 0x0000000081c00000| Untracked 
|  29|0x0000000081d00000, 0x0000000081e00000, 0x0000000081e00000|100%| O|  |TAMS 0x0000000081e00000, 0x0000000081d00000| Untracked 
|  30|0x0000000081e00000, 0x0000000081f00000, 0x0000000081f00000|100%| O|  |TAMS 0x0000000081f00000, 0x0000000081e00000| Untracked 
|  31|0x0000000081f00000, 0x0000000082000000, 0x0000000082000000|100%|HS|  |TAMS 0x0000000082000000, 0x0000000081f00000| Complete 
|  32|0x0000000082000000, 0x0000000082100000, 0x0000000082100000|100%|HC|  |TAMS 0x0000000082100000, 0x0000000082000000| Complete 
|  33|0x0000000082100000, 0x0000000082200000, 0x0000000082200000|100%|HC|  |TAMS 0x0000000082200000, 0x0000000082100000| Complete 
|  34|0x0000000082200000, 0x0000000082300000, 0x0000000082300000|100%|HS|  |TAMS 0x0000000082300000, 0x0000000082200000| Complete 
|  35|0x0000000082300000, 0x0000000082400000, 0x0000000082400000|100%|HC|  |TAMS 0x0000000082400000, 0x0000000082300000| Complete 
|  36|0x0000000082400000, 0x0000000082500000, 0x0000000082500000|100%|HC|  |TAMS 0x0000000082500000, 0x0000000082400000| Complete 
|  37|0x0000000082500000, 0x0000000082600000, 0x0000000082600000|100%| O|  |TAMS 0x0000000082600000, 0x0000000082500000| Untracked 
|  38|0x0000000082600000, 0x0000000082700000, 0x0000000082700000|100%| O|  |TAMS 0x0000000082700000, 0x0000000082600000| Untracked 
|  39|0x0000000082700000, 0x0000000082800000, 0x0000000082800000|100%| O|  |TAMS 0x0000000082800000, 0x0000000082700000| Untracked 
|  40|0x0000000082800000, 0x0000000082900000, 0x0000000082900000|100%| O|  |TAMS 0x0000000082900000, 0x0000000082800000| Untracked 
|  41|0x0000000082900000, 0x0000000082a00000, 0x0000000082a00000|100%| O|  |TAMS 0x0000000082a00000, 0x0000000082900000| Untracked 
|  42|0x0000000082a00000, 0x0000000082b00000, 0x0000000082b00000|100%| O|  |TAMS 0x0000000082b00000, 0x0000000082a00000| Untracked 
|  43|0x0000000082b00000, 0x0000000082c00000, 0x0000000082c00000|100%| O|  |TAMS 0x0000000082c00000, 0x0000000082b00000| Untracked 
|  44|0x0000000082c00000, 0x0000000082d00000, 0x0000000082d00000|100%| O|  |TAMS 0x0000000082d00000, 0x0000000082c00000| Untracked 
|  45|0x0000000082d00000, 0x0000000082e00000, 0x0000000082e00000|100%| O|  |TAMS 0x0000000082e00000, 0x0000000082d00000| Untracked 
|  46|0x0000000082e00000, 0x0000000082f00000, 0x0000000082f00000|100%| O|  |TAMS 0x0000000082f00000, 0x0000000082e00000| Untracked 
|  47|0x0000000082f00000, 0x0000000083000000, 0x0000000083000000|100%| O|  |TAMS 0x0000000083000000, 0x0000000082f00000| Untracked 
|  48|0x0000000083000000, 0x0000000083100000, 0x0000000083100000|100%| O|  |TAMS 0x0000000083100000, 0x0000000083000000| Untracked 
|  49|0x0000000083100000, 0x0000000083200000, 0x0000000083200000|100%| O|  |TAMS 0x0000000083200000, 0x0000000083100000| Untracked 
|  50|0x0000000083200000, 0x0000000083300000, 0x0000000083300000|100%| O|  |TAMS 0x0000000083300000, 0x0000000083200000| Untracked 
|  51|0x0000000083300000, 0x0000000083400000, 0x0000000083400000|100%| O|  |TAMS 0x0000000083400000, 0x0000000083300000| Untracked 
|  52|0x0000000083400000, 0x0000000083500000, 0x0000000083500000|100%| O|  |TAMS 0x0000000083500000, 0x0000000083400000| Untracked 
|  53|0x0000000083500000, 0x0000000083600000, 0x0000000083600000|100%| O|  |TAMS 0x0000000083600000, 0x0000000083500000| Untracked 
|  54|0x0000000083600000, 0x0000000083700000, 0x0000000083700000|100%| O|  |TAMS 0x0000000083700000, 0x0000000083600000| Untracked 
|  55|0x0000000083700000, 0x0000000083800000, 0x0000000083800000|100%| O|  |TAMS 0x0000000083800000, 0x0000000083700000| Untracked 
|  56|0x0000000083800000, 0x0000000083900000, 0x0000000083900000|100%| O|  |TAMS 0x0000000083900000, 0x0000000083800000| Untracked 
|  57|0x0000000083900000, 0x0000000083a00000, 0x0000000083a00000|100%| O|  |TAMS 0x0000000083a00000, 0x0000000083900000| Untracked 
|  58|0x0000000083a00000, 0x0000000083b00000, 0x0000000083b00000|100%| O|  |TAMS 0x0000000083b00000, 0x0000000083a00000| Untracked 
|  59|0x0000000083b00000, 0x0000000083c00000, 0x0000000083c00000|100%| O|  |TAMS 0x0000000083c00000, 0x0000000083b00000| Untracked 
|  60|0x0000000083c00000, 0x0000000083d00000, 0x0000000083d00000|100%| O|  |TAMS 0x0000000083d00000, 0x0000000083c00000| Untracked 
|  61|0x0000000083d00000, 0x0000000083e00000, 0x0000000083e00000|100%| O|  |TAMS 0x0000000083e00000, 0x0000000083d00000| Untracked 
|  62|0x0000000083e00000, 0x0000000083f00000, 0x0000000083f00000|100%| O|  |TAMS 0x0000000083f00000, 0x0000000083e00000| Untracked 
|  63|0x0000000083f00000, 0x0000000084000000, 0x0000000084000000|100%| O|  |TAMS 0x0000000084000000, 0x0000000083f00000| Untracked 
|  64|0x0000000084000000, 0x0000000084100000, 0x0000000084100000|100%| O|  |TAMS 0x0000000084100000, 0x0000000084000000| Untracked 
|  65|0x0000000084100000, 0x0000000084200000, 0x0000000084200000|100%| O|  |TAMS 0x0000000084100000, 0x0000000084100000| Untracked 
|  66|0x0000000084200000, 0x0000000084300000, 0x0000000084300000|100%| O|  |TAMS 0x0000000084300000, 0x0000000084200000| Untracked 
|  67|0x0000000084300000, 0x0000000084400000, 0x0000000084400000|100%|HS|  |TAMS 0x0000000084400000, 0x0000000084300000| Complete 
|  68|0x0000000084400000, 0x0000000084500000, 0x0000000084500000|100%|HS|  |TAMS 0x0000000084500000, 0x0000000084400000| Complete 
|  69|0x0000000084500000, 0x0000000084600000, 0x0000000084600000|100%|HS|  |TAMS 0x0000000084600000, 0x0000000084500000| Complete 
|  70|0x0000000084600000, 0x0000000084700000, 0x0000000084700000|100%|HS|  |TAMS 0x0000000084700000, 0x0000000084600000| Complete 
|  71|0x0000000084700000, 0x0000000084800000, 0x0000000084800000|100%| O|  |TAMS 0x0000000084800000, 0x0000000084700000| Untracked 
|  72|0x0000000084800000, 0x0000000084900000, 0x0000000084900000|100%|HS|  |TAMS 0x0000000084900000, 0x0000000084800000| Complete 
|  73|0x0000000084900000, 0x0000000084a00000, 0x0000000084a00000|100%|HS|  |TAMS 0x0000000084a00000, 0x0000000084900000| Complete 
|  74|0x0000000084a00000, 0x0000000084b00000, 0x0000000084b00000|100%| O|  |TAMS 0x0000000084b00000, 0x0000000084a00000| Untracked 
|  75|0x0000000084b00000, 0x0000000084c00000, 0x0000000084c00000|100%| O|  |TAMS 0x0000000084b00000, 0x0000000084b00000| Untracked 
|  76|0x0000000084c00000, 0x0000000084d00000, 0x0000000084d00000|100%| O|  |TAMS 0x0000000084d00000, 0x0000000084c00000| Untracked 
|  77|0x0000000084d00000, 0x0000000084e00000, 0x0000000084e00000|100%| O|  |TAMS 0x0000000084e00000, 0x0000000084d00000| Untracked 
|  78|0x0000000084e00000, 0x0000000084f00000, 0x0000000084f00000|100%| O|  |TAMS 0x0000000084f00000, 0x0000000084e00000| Untracked 
|  79|0x0000000084f00000, 0x0000000085000000, 0x0000000085000000|100%| O|  |TAMS 0x0000000085000000, 0x0000000084f00000| Untracked 
|  80|0x0000000085000000, 0x0000000085100000, 0x0000000085100000|100%| O|  |TAMS 0x0000000085100000, 0x0000000085000000| Untracked 
|  81|0x0000000085100000, 0x0000000085200000, 0x0000000085200000|100%| O|  |TAMS 0x0000000085200000, 0x0000000085100000| Untracked 
|  82|0x0000000085200000, 0x0000000085200000, 0x0000000085300000|  0%| F|  |TAMS 0x0000000085200000, 0x0000000085200000| Untracked 
|  83|0x0000000085300000, 0x0000000085400000, 0x0000000085400000|100%| O|  |TAMS 0x0000000085400000, 0x0000000085300000| Untracked 
|  84|0x0000000085400000, 0x0000000085400000, 0x0000000085500000|  0%| F|  |TAMS 0x0000000085400000, 0x0000000085400000| Untracked 
|  85|0x0000000085500000, 0x0000000085600000, 0x0000000085600000|100%| O|  |TAMS 0x0000000085600000, 0x0000000085500000| Untracked 
|  86|0x0000000085600000, 0x0000000085700000, 0x0000000085700000|100%| O|  |TAMS 0x0000000085700000, 0x0000000085600000| Untracked 
|  87|0x0000000085700000, 0x0000000085800000, 0x0000000085800000|100%| O|  |TAMS 0x0000000085800000, 0x0000000085700000| Untracked 
|  88|0x0000000085800000, 0x0000000085900000, 0x0000000085900000|100%| O|  |TAMS 0x0000000085900000, 0x0000000085800000| Untracked 
|  89|0x0000000085900000, 0x0000000085a00000, 0x0000000085a00000|100%| O|  |TAMS 0x0000000085a00000, 0x0000000085900000| Untracked 
|  90|0x0000000085a00000, 0x0000000085b00000, 0x0000000085b00000|100%|HS|  |TAMS 0x0000000085b00000, 0x0000000085a00000| Complete 
|  91|0x0000000085b00000, 0x0000000085c00000, 0x0000000085c00000|100%| O|  |TAMS 0x0000000085c00000, 0x0000000085b00000| Untracked 
|  92|0x0000000085c00000, 0x0000000085d00000, 0x0000000085d00000|100%| O|  |TAMS 0x0000000085d00000, 0x0000000085c00000| Untracked 
|  93|0x0000000085d00000, 0x0000000085e00000, 0x0000000085e00000|100%| O|  |TAMS 0x0000000085e00000, 0x0000000085d00000| Untracked 
|  94|0x0000000085e00000, 0x0000000085f00000, 0x0000000085f00000|100%| O|  |TAMS 0x0000000085f00000, 0x0000000085e00000| Untracked 
|  95|0x0000000085f00000, 0x0000000086000000, 0x0000000086000000|100%|HS|  |TAMS 0x0000000086000000, 0x0000000085f00000| Complete 
|  96|0x0000000086000000, 0x0000000086100000, 0x0000000086100000|100%|HC|  |TAMS 0x0000000086100000, 0x0000000086000000| Complete 
|  97|0x0000000086100000, 0x0000000086200000, 0x0000000086200000|100%|HC|  |TAMS 0x0000000086200000, 0x0000000086100000| Complete 
|  98|0x0000000086200000, 0x0000000086300000, 0x0000000086300000|100%| O|  |TAMS 0x0000000086300000, 0x0000000086200000| Untracked 
|  99|0x0000000086300000, 0x0000000086400000, 0x0000000086400000|100%| O|  |TAMS 0x0000000086400000, 0x0000000086300000| Untracked 
| 100|0x0000000086400000, 0x0000000086500000, 0x0000000086500000|100%| O|  |TAMS 0x0000000086500000, 0x0000000086400000| Untracked 
| 101|0x0000000086500000, 0x0000000086600000, 0x0000000086600000|100%| O|  |TAMS 0x0000000086600000, 0x0000000086500000| Untracked 
| 102|0x0000000086600000, 0x0000000086700000, 0x0000000086700000|100%| O|  |TAMS 0x0000000086700000, 0x0000000086600000| Untracked 
| 103|0x0000000086700000, 0x0000000086800000, 0x0000000086800000|100%| O|  |TAMS 0x0000000086800000, 0x0000000086700000| Untracked 
| 104|0x0000000086800000, 0x0000000086900000, 0x0000000086900000|100%| O|  |TAMS 0x0000000086900000, 0x0000000086800000| Untracked 
| 105|0x0000000086900000, 0x0000000086a00000, 0x0000000086a00000|100%| O|  |TAMS 0x0000000086a00000, 0x0000000086900000| Untracked 
| 106|0x0000000086a00000, 0x0000000086b00000, 0x0000000086b00000|100%| O|  |TAMS 0x0000000086b00000, 0x0000000086a00000| Untracked 
| 107|0x0000000086b00000, 0x0000000086c00000, 0x0000000086c00000|100%| O|  |TAMS 0x0000000086c00000, 0x0000000086b00000| Untracked 
| 108|0x0000000086c00000, 0x0000000086d00000, 0x0000000086d00000|100%| O|  |TAMS 0x0000000086d00000, 0x0000000086c00000| Untracked 
| 109|0x0000000086d00000, 0x0000000086e00000, 0x0000000086e00000|100%| O|  |TAMS 0x0000000086e00000, 0x0000000086d00000| Untracked 
| 110|0x0000000086e00000, 0x0000000086f00000, 0x0000000086f00000|100%| O|  |TAMS 0x0000000086f00000, 0x0000000086e00000| Untracked 
| 111|0x0000000086f00000, 0x0000000087000000, 0x0000000087000000|100%| O|  |TAMS 0x0000000087000000, 0x0000000086f00000| Untracked 
| 112|0x0000000087000000, 0x0000000087100000, 0x0000000087100000|100%| O|  |TAMS 0x0000000087100000, 0x0000000087000000| Untracked 
| 113|0x0000000087100000, 0x0000000087200000, 0x0000000087200000|100%| O|  |TAMS 0x0000000087200000, 0x0000000087100000| Untracked 
| 114|0x0000000087200000, 0x0000000087300000, 0x0000000087300000|100%| O|  |TAMS 0x0000000087300000, 0x0000000087200000| Untracked 
| 115|0x0000000087300000, 0x0000000087400000, 0x0000000087400000|100%| O|  |TAMS 0x0000000087400000, 0x0000000087300000| Untracked 
| 116|0x0000000087400000, 0x0000000087500000, 0x0000000087500000|100%| O|  |TAMS 0x0000000087400000, 0x0000000087400000| Untracked 
| 117|0x0000000087500000, 0x0000000087600000, 0x0000000087600000|100%| O|  |TAMS 0x0000000087600000, 0x0000000087500000| Untracked 
| 118|0x0000000087600000, 0x0000000087700000, 0x0000000087700000|100%| O|  |TAMS 0x0000000087700000, 0x0000000087600000| Untracked 
| 119|0x0000000087700000, 0x0000000087800000, 0x0000000087800000|100%| O|  |TAMS 0x0000000087800000, 0x0000000087700000| Untracked 
| 120|0x0000000087800000, 0x0000000087900000, 0x0000000087900000|100%| O|  |TAMS 0x0000000087800000, 0x0000000087800000| Untracked 
| 121|0x0000000087900000, 0x0000000087a00000, 0x0000000087a00000|100%| O|  |TAMS 0x0000000087a00000, 0x0000000087900000| Untracked 
| 122|0x0000000087a00000, 0x0000000087b00000, 0x0000000087b00000|100%| O|  |TAMS 0x0000000087b00000, 0x0000000087a00000| Untracked 
| 123|0x0000000087b00000, 0x0000000087c00000, 0x0000000087c00000|100%| O|  |TAMS 0x0000000087c00000, 0x0000000087b00000| Untracked 
| 124|0x0000000087c00000, 0x0000000087d00000, 0x0000000087d00000|100%|HS|  |TAMS 0x0000000087d00000, 0x0000000087c00000| Complete 
| 125|0x0000000087d00000, 0x0000000087e00000, 0x0000000087e00000|100%|HS|  |TAMS 0x0000000087e00000, 0x0000000087d00000| Complete 
| 126|0x0000000087e00000, 0x0000000087f00000, 0x0000000087f00000|100%|HS|  |TAMS 0x0000000087f00000, 0x0000000087e00000| Complete 
| 127|0x0000000087f00000, 0x0000000088000000, 0x0000000088000000|100%|HS|  |TAMS 0x0000000088000000, 0x0000000087f00000| Complete 
| 128|0x0000000088000000, 0x0000000088100000, 0x0000000088100000|100%| O|  |TAMS 0x0000000088100000, 0x0000000088000000| Untracked 
| 129|0x0000000088100000, 0x0000000088200000, 0x0000000088200000|100%| O|  |TAMS 0x0000000088100000, 0x0000000088100000| Untracked 
| 130|0x0000000088200000, 0x0000000088300000, 0x0000000088300000|100%| O|  |TAMS 0x0000000088300000, 0x0000000088200000| Untracked 
| 131|0x0000000088300000, 0x0000000088400000, 0x0000000088400000|100%| O|  |TAMS 0x0000000088400000, 0x0000000088300000| Untracked 
| 132|0x0000000088400000, 0x0000000088500000, 0x0000000088500000|100%| O|  |TAMS 0x0000000088400000, 0x0000000088400000| Untracked 
| 133|0x0000000088500000, 0x0000000088600000, 0x0000000088600000|100%| O|  |TAMS 0x0000000088600000, 0x0000000088500000| Untracked 
| 134|0x0000000088600000, 0x0000000088700000, 0x0000000088700000|100%| O|  |TAMS 0x0000000088700000, 0x0000000088600000| Untracked 
| 135|0x0000000088700000, 0x0000000088800000, 0x0000000088800000|100%| O|  |TAMS 0x0000000088800000, 0x0000000088700000| Untracked 
| 136|0x0000000088800000, 0x0000000088900000, 0x0000000088900000|100%| O|  |TAMS 0x0000000088900000, 0x0000000088800000| Untracked 
| 137|0x0000000088900000, 0x0000000088a00000, 0x0000000088a00000|100%| O|  |TAMS 0x0000000088a00000, 0x0000000088900000| Untracked 
| 138|0x0000000088a00000, 0x0000000088b00000, 0x0000000088b00000|100%| O|  |TAMS 0x0000000088b00000, 0x0000000088a00000| Untracked 
| 139|0x0000000088b00000, 0x0000000088c00000, 0x0000000088c00000|100%| O|  |TAMS 0x0000000088c00000, 0x0000000088b00000| Untracked 
| 140|0x0000000088c00000, 0x0000000088d00000, 0x0000000088d00000|100%| O|  |TAMS 0x0000000088d00000, 0x0000000088c00000| Untracked 
| 141|0x0000000088d00000, 0x0000000088e00000, 0x0000000088e00000|100%| O|  |TAMS 0x0000000088d00000, 0x0000000088d00000| Untracked 
| 142|0x0000000088e00000, 0x0000000088f00000, 0x0000000088f00000|100%| O|  |TAMS 0x0000000088f00000, 0x0000000088e00000| Untracked 
| 143|0x0000000088f00000, 0x0000000089000000, 0x0000000089000000|100%|HS|  |TAMS 0x0000000089000000, 0x0000000088f00000| Complete 
| 144|0x0000000089000000, 0x0000000089100000, 0x0000000089100000|100%|HC|  |TAMS 0x0000000089100000, 0x0000000089000000| Complete 
| 145|0x0000000089100000, 0x0000000089200000, 0x0000000089200000|100%|HC|  |TAMS 0x0000000089200000, 0x0000000089100000| Complete 
| 146|0x0000000089200000, 0x0000000089300000, 0x0000000089300000|100%|HS|  |TAMS 0x0000000089300000, 0x0000000089200000| Complete 
| 147|0x0000000089300000, 0x0000000089400000, 0x0000000089400000|100%|HC|  |TAMS 0x0000000089400000, 0x0000000089300000| Complete 
| 148|0x0000000089400000, 0x0000000089500000, 0x0000000089500000|100%| O|  |TAMS 0x0000000089500000, 0x0000000089400000| Untracked 
| 149|0x0000000089500000, 0x0000000089500000, 0x0000000089600000|  0%| F|  |TAMS 0x0000000089500000, 0x0000000089500000| Untracked 
| 150|0x0000000089600000, 0x0000000089700000, 0x0000000089700000|100%| O|  |TAMS 0x0000000089700000, 0x0000000089600000| Untracked 
| 151|0x0000000089700000, 0x0000000089800000, 0x0000000089800000|100%| O|  |TAMS 0x0000000089700000, 0x0000000089700000| Untracked 
| 152|0x0000000089800000, 0x0000000089900000, 0x0000000089900000|100%| O|  |TAMS 0x0000000089900000, 0x0000000089800000| Untracked 
| 153|0x0000000089900000, 0x0000000089a00000, 0x0000000089a00000|100%| O|  |TAMS 0x0000000089a00000, 0x0000000089900000| Untracked 
| 154|0x0000000089a00000, 0x0000000089b00000, 0x0000000089b00000|100%| O|  |TAMS 0x0000000089b00000, 0x0000000089a00000| Untracked 
| 155|0x0000000089b00000, 0x0000000089c00000, 0x0000000089c00000|100%| O|  |TAMS 0x0000000089c00000, 0x0000000089b00000| Untracked 
| 156|0x0000000089c00000, 0x0000000089d00000, 0x0000000089d00000|100%| O|  |TAMS 0x0000000089d00000, 0x0000000089c00000| Untracked 
| 157|0x0000000089d00000, 0x0000000089e00000, 0x0000000089e00000|100%| O|  |TAMS 0x0000000089e00000, 0x0000000089d00000| Untracked 
| 158|0x0000000089e00000, 0x0000000089f00000, 0x0000000089f00000|100%| O|  |TAMS 0x0000000089f00000, 0x0000000089e00000| Untracked 
| 159|0x0000000089f00000, 0x000000008a000000, 0x000000008a000000|100%|HS|  |TAMS 0x000000008a000000, 0x0000000089f00000| Complete 
| 160|0x000000008a000000, 0x000000008a100000, 0x000000008a100000|100%| O|  |TAMS 0x000000008a100000, 0x000000008a000000| Untracked 
| 161|0x000000008a100000, 0x000000008a200000, 0x000000008a200000|100%| O|  |TAMS 0x000000008a200000, 0x000000008a100000| Untracked 
| 162|0x000000008a200000, 0x000000008a300000, 0x000000008a300000|100%| O|  |TAMS 0x000000008a300000, 0x000000008a200000| Untracked 
| 163|0x000000008a300000, 0x000000008a400000, 0x000000008a400000|100%| O|  |TAMS 0x000000008a400000, 0x000000008a300000| Untracked 
| 164|0x000000008a400000, 0x000000008a500000, 0x000000008a500000|100%| O|  |TAMS 0x000000008a500000, 0x000000008a400000| Untracked 
| 165|0x000000008a500000, 0x000000008a600000, 0x000000008a600000|100%| O|  |TAMS 0x000000008a600000, 0x000000008a500000| Untracked 
| 166|0x000000008a600000, 0x000000008a700000, 0x000000008a700000|100%| O|  |TAMS 0x000000008a700000, 0x000000008a600000| Untracked 
| 167|0x000000008a700000, 0x000000008a800000, 0x000000008a800000|100%| O|  |TAMS 0x000000008a800000, 0x000000008a700000| Untracked 
| 168|0x000000008a800000, 0x000000008a900000, 0x000000008a900000|100%| O|  |TAMS 0x000000008a900000, 0x000000008a800000| Untracked 
| 169|0x000000008a900000, 0x000000008aa00000, 0x000000008aa00000|100%| O|  |TAMS 0x000000008aa00000, 0x000000008a900000| Untracked 
| 170|0x000000008aa00000, 0x000000008ab00000, 0x000000008ab00000|100%| O|  |TAMS 0x000000008ab00000, 0x000000008aa00000| Untracked 
| 171|0x000000008ab00000, 0x000000008ac00000, 0x000000008ac00000|100%| O|  |TAMS 0x000000008ac00000, 0x000000008ab00000| Untracked 
| 172|0x000000008ac00000, 0x000000008ad00000, 0x000000008ad00000|100%| O|  |TAMS 0x000000008ad00000, 0x000000008ac00000| Untracked 
| 173|0x000000008ad00000, 0x000000008ae00000, 0x000000008ae00000|100%|HS|  |TAMS 0x000000008ae00000, 0x000000008ad00000| Complete 
| 174|0x000000008ae00000, 0x000000008af00000, 0x000000008af00000|100%|HS|  |TAMS 0x000000008af00000, 0x000000008ae00000| Complete 
| 175|0x000000008af00000, 0x000000008b000000, 0x000000008b000000|100%|HS|  |TAMS 0x000000008b000000, 0x000000008af00000| Complete 
| 176|0x000000008b000000, 0x000000008b100000, 0x000000008b100000|100%| O|  |TAMS 0x000000008b100000, 0x000000008b000000| Untracked 
| 177|0x000000008b100000, 0x000000008b200000, 0x000000008b200000|100%| O|  |TAMS 0x000000008b200000, 0x000000008b100000| Untracked 
| 178|0x000000008b200000, 0x000000008b300000, 0x000000008b300000|100%| O|  |TAMS 0x000000008b300000, 0x000000008b200000| Untracked 
| 179|0x000000008b300000, 0x000000008b300000, 0x000000008b400000|  0%| F|  |TAMS 0x000000008b300000, 0x000000008b300000| Untracked 
| 180|0x000000008b400000, 0x000000008b500000, 0x000000008b500000|100%| O|  |TAMS 0x000000008b500000, 0x000000008b400000| Untracked 
| 181|0x000000008b500000, 0x000000008b600000, 0x000000008b600000|100%| O|  |TAMS 0x000000008b600000, 0x000000008b500000| Untracked 
| 182|0x000000008b600000, 0x000000008b700000, 0x000000008b700000|100%| O|  |TAMS 0x000000008b700000, 0x000000008b600000| Untracked 
| 183|0x000000008b700000, 0x000000008b800000, 0x000000008b800000|100%| O|  |TAMS 0x000000008b800000, 0x000000008b700000| Untracked 
| 184|0x000000008b800000, 0x000000008b900000, 0x000000008b900000|100%| O|  |TAMS 0x000000008b900000, 0x000000008b800000| Untracked 
| 185|0x000000008b900000, 0x000000008ba00000, 0x000000008ba00000|100%| O|  |TAMS 0x000000008ba00000, 0x000000008b900000| Untracked 
| 186|0x000000008ba00000, 0x000000008bb00000, 0x000000008bb00000|100%| O|  |TAMS 0x000000008bb00000, 0x000000008ba00000| Untracked 
| 187|0x000000008bb00000, 0x000000008bc00000, 0x000000008bc00000|100%| O|  |TAMS 0x000000008bc00000, 0x000000008bb00000| Untracked 
| 188|0x000000008bc00000, 0x000000008bd00000, 0x000000008bd00000|100%| O|  |TAMS 0x000000008bd00000, 0x000000008bc00000| Untracked 
| 189|0x000000008bd00000, 0x000000008be00000, 0x000000008be00000|100%| O|  |TAMS 0x000000008bd00000, 0x000000008bd00000| Untracked 
| 190|0x000000008be00000, 0x000000008bf00000, 0x000000008bf00000|100%| O|  |TAMS 0x000000008bf00000, 0x000000008be00000| Untracked 
| 191|0x000000008bf00000, 0x000000008c000000, 0x000000008c000000|100%| O|  |TAMS 0x000000008c000000, 0x000000008bf00000| Untracked 
| 192|0x000000008c000000, 0x000000008c100000, 0x000000008c100000|100%| O|  |TAMS 0x000000008c100000, 0x000000008c000000| Untracked 
| 193|0x000000008c100000, 0x000000008c200000, 0x000000008c200000|100%| O|  |TAMS 0x000000008c200000, 0x000000008c100000| Untracked 
| 194|0x000000008c200000, 0x000000008c300000, 0x000000008c300000|100%| O|  |TAMS 0x000000008c300000, 0x000000008c200000| Untracked 
| 195|0x000000008c300000, 0x000000008c400000, 0x000000008c400000|100%| O|  |TAMS 0x000000008c400000, 0x000000008c300000| Untracked 
| 196|0x000000008c400000, 0x000000008c500000, 0x000000008c500000|100%| O|  |TAMS 0x000000008c500000, 0x000000008c400000| Untracked 
| 197|0x000000008c500000, 0x000000008c600000, 0x000000008c600000|100%|HS|  |TAMS 0x000000008c600000, 0x000000008c500000| Complete 
| 198|0x000000008c600000, 0x000000008c700000, 0x000000008c700000|100%|HS|  |TAMS 0x000000008c700000, 0x000000008c600000| Complete 
| 199|0x000000008c700000, 0x000000008c800000, 0x000000008c800000|100%| O|  |TAMS 0x000000008c800000, 0x000000008c700000| Untracked 
| 200|0x000000008c800000, 0x000000008c900000, 0x000000008c900000|100%|HS|  |TAMS 0x000000008c900000, 0x000000008c800000| Complete 
| 201|0x000000008c900000, 0x000000008ca00000, 0x000000008ca00000|100%|HC|  |TAMS 0x000000008ca00000, 0x000000008c900000| Complete 
| 202|0x000000008ca00000, 0x000000008cb00000, 0x000000008cb00000|100%| O|  |TAMS 0x000000008cb00000, 0x000000008ca00000| Untracked 
| 203|0x000000008cb00000, 0x000000008cc00000, 0x000000008cc00000|100%| O|  |TAMS 0x000000008cb00000, 0x000000008cb00000| Untracked 
| 204|0x000000008cc00000, 0x000000008cd00000, 0x000000008cd00000|100%| O|  |TAMS 0x000000008cc00000, 0x000000008cc00000| Untracked 
| 205|0x000000008cd00000, 0x000000008ce00000, 0x000000008ce00000|100%| O|  |TAMS 0x000000008cd00000, 0x000000008cd00000| Untracked 
| 206|0x000000008ce00000, 0x000000008cf00000, 0x000000008cf00000|100%| O|  |TAMS 0x000000008cf00000, 0x000000008ce00000| Untracked 
| 207|0x000000008cf00000, 0x000000008d000000, 0x000000008d000000|100%| O|  |TAMS 0x000000008d000000, 0x000000008cf00000| Untracked 
| 208|0x000000008d000000, 0x000000008d100000, 0x000000008d100000|100%| O|  |TAMS 0x000000008d100000, 0x000000008d000000| Untracked 
| 209|0x000000008d100000, 0x000000008d200000, 0x000000008d200000|100%| O|  |TAMS 0x000000008d200000, 0x000000008d100000| Untracked 
| 210|0x000000008d200000, 0x000000008d300000, 0x000000008d300000|100%| O|  |TAMS 0x000000008d300000, 0x000000008d200000| Untracked 
| 211|0x000000008d300000, 0x000000008d400000, 0x000000008d400000|100%| O|  |TAMS 0x000000008d300000, 0x000000008d300000| Untracked 
| 212|0x000000008d400000, 0x000000008d500000, 0x000000008d500000|100%| O|  |TAMS 0x000000008d500000, 0x000000008d400000| Untracked 
| 213|0x000000008d500000, 0x000000008d600000, 0x000000008d600000|100%| O|  |TAMS 0x000000008d600000, 0x000000008d500000| Untracked 
| 214|0x000000008d600000, 0x000000008d700000, 0x000000008d700000|100%| O|  |TAMS 0x000000008d700000, 0x000000008d600000| Untracked 
| 215|0x000000008d700000, 0x000000008d800000, 0x000000008d800000|100%| O|  |TAMS 0x000000008d800000, 0x000000008d700000| Untracked 
| 216|0x000000008d800000, 0x000000008d900000, 0x000000008d900000|100%| O|  |TAMS 0x000000008d900000, 0x000000008d800000| Untracked 
| 217|0x000000008d900000, 0x000000008da00000, 0x000000008da00000|100%| O|  |TAMS 0x000000008da00000, 0x000000008d900000| Untracked 
| 218|0x000000008da00000, 0x000000008db00000, 0x000000008db00000|100%| O|  |TAMS 0x000000008da00000, 0x000000008da00000| Untracked 
| 219|0x000000008db00000, 0x000000008dc00000, 0x000000008dc00000|100%|HS|  |TAMS 0x000000008dc00000, 0x000000008db00000| Complete 
| 220|0x000000008dc00000, 0x000000008dd00000, 0x000000008dd00000|100%|HS|  |TAMS 0x000000008dd00000, 0x000000008dc00000| Complete 
| 221|0x000000008dd00000, 0x000000008de00000, 0x000000008de00000|100%|HS|  |TAMS 0x000000008de00000, 0x000000008dd00000| Complete 
| 222|0x000000008de00000, 0x000000008df00000, 0x000000008df00000|100%| O|  |TAMS 0x000000008df00000, 0x000000008de00000| Untracked 
| 223|0x000000008df00000, 0x000000008e000000, 0x000000008e000000|100%| O|  |TAMS 0x000000008df00000, 0x000000008df00000| Untracked 
| 224|0x000000008e000000, 0x000000008e100000, 0x000000008e100000|100%| O|  |TAMS 0x000000008e100000, 0x000000008e000000| Untracked 
| 225|0x000000008e100000, 0x000000008e200000, 0x000000008e200000|100%| O|  |TAMS 0x000000008e200000, 0x000000008e100000| Untracked 
| 226|0x000000008e200000, 0x000000008e300000, 0x000000008e300000|100%| O|  |TAMS 0x000000008e300000, 0x000000008e200000| Untracked 
| 227|0x000000008e300000, 0x000000008e400000, 0x000000008e400000|100%| O|  |TAMS 0x000000008e400000, 0x000000008e300000| Untracked 
| 228|0x000000008e400000, 0x000000008e500000, 0x000000008e500000|100%| O|  |TAMS 0x000000008e500000, 0x000000008e400000| Untracked 
| 229|0x000000008e500000, 0x000000008e600000, 0x000000008e600000|100%| O|  |TAMS 0x000000008e600000, 0x000000008e500000| Untracked 
| 230|0x000000008e600000, 0x000000008e700000, 0x000000008e700000|100%| O|  |TAMS 0x000000008e700000, 0x000000008e600000| Untracked 
| 231|0x000000008e700000, 0x000000008e800000, 0x000000008e800000|100%| O|  |TAMS 0x000000008e800000, 0x000000008e700000| Untracked 
| 232|0x000000008e800000, 0x000000008e900000, 0x000000008e900000|100%|HS|  |TAMS 0x000000008e900000, 0x000000008e800000| Complete 
| 233|0x000000008e900000, 0x000000008ea00000, 0x000000008ea00000|100%|HS|  |TAMS 0x000000008ea00000, 0x000000008e900000| Complete 
| 234|0x000000008ea00000, 0x000000008eb00000, 0x000000008eb00000|100%| O|  |TAMS 0x000000008eb00000, 0x000000008ea00000| Untracked 
| 235|0x000000008eb00000, 0x000000008ec00000, 0x000000008ec00000|100%| O|  |TAMS 0x000000008eb00000, 0x000000008eb00000| Untracked 
| 236|0x000000008ec00000, 0x000000008ed00000, 0x000000008ed00000|100%| O|  |TAMS 0x000000008ec00000, 0x000000008ec00000| Untracked 
| 237|0x000000008ed00000, 0x000000008ee00000, 0x000000008ee00000|100%| O|  |TAMS 0x000000008ee00000, 0x000000008ed00000| Untracked 
| 238|0x000000008ee00000, 0x000000008ef00000, 0x000000008ef00000|100%| O|  |TAMS 0x000000008ef00000, 0x000000008ee00000| Untracked 
| 239|0x000000008ef00000, 0x000000008f000000, 0x000000008f000000|100%| O|  |TAMS 0x000000008f000000, 0x000000008ef00000| Untracked 
| 240|0x000000008f000000, 0x000000008f100000, 0x000000008f100000|100%| O|  |TAMS 0x000000008f100000, 0x000000008f000000| Untracked 
| 241|0x000000008f100000, 0x000000008f200000, 0x000000008f200000|100%| O|  |TAMS 0x000000008f200000, 0x000000008f100000| Untracked 
| 242|0x000000008f200000, 0x000000008f300000, 0x000000008f300000|100%| O|  |TAMS 0x000000008f300000, 0x000000008f200000| Untracked 
| 243|0x000000008f300000, 0x000000008f400000, 0x000000008f400000|100%| O|  |TAMS 0x000000008f400000, 0x000000008f300000| Untracked 
| 244|0x000000008f400000, 0x000000008f500000, 0x000000008f500000|100%| O|  |TAMS 0x000000008f500000, 0x000000008f400000| Untracked 
| 245|0x000000008f500000, 0x000000008f600000, 0x000000008f600000|100%| O|  |TAMS 0x000000008f600000, 0x000000008f500000| Untracked 
| 246|0x000000008f600000, 0x000000008f700000, 0x000000008f700000|100%| O|  |TAMS 0x000000008f700000, 0x000000008f600000| Untracked 
| 247|0x000000008f700000, 0x000000008f800000, 0x000000008f800000|100%| O|  |TAMS 0x000000008f800000, 0x000000008f700000| Untracked 
| 248|0x000000008f800000, 0x000000008f900000, 0x000000008f900000|100%| O|  |TAMS 0x000000008f900000, 0x000000008f800000| Untracked 
| 249|0x000000008f900000, 0x000000008fa00000, 0x000000008fa00000|100%| O|  |TAMS 0x000000008fa00000, 0x000000008f900000| Untracked 
| 250|0x000000008fa00000, 0x000000008fb00000, 0x000000008fb00000|100%| O|  |TAMS 0x000000008fb00000, 0x000000008fa00000| Untracked 
| 251|0x000000008fb00000, 0x000000008fc00000, 0x000000008fc00000|100%| O|  |TAMS 0x000000008fc00000, 0x000000008fb00000| Untracked 
| 252|0x000000008fc00000, 0x000000008fd00000, 0x000000008fd00000|100%| O|  |TAMS 0x000000008fd00000, 0x000000008fc00000| Untracked 
| 253|0x000000008fd00000, 0x000000008fe00000, 0x000000008fe00000|100%| O|  |TAMS 0x000000008fe00000, 0x000000008fd00000| Untracked 
| 254|0x000000008fe00000, 0x000000008ff00000, 0x000000008ff00000|100%| O|  |TAMS 0x000000008ff00000, 0x000000008fe00000| Untracked 
| 255|0x000000008ff00000, 0x0000000090000000, 0x0000000090000000|100%| O|  |TAMS 0x0000000090000000, 0x000000008ff00000| Untracked 
| 256|0x0000000090000000, 0x0000000090100000, 0x0000000090100000|100%| O|  |TAMS 0x0000000090100000, 0x0000000090000000| Untracked 
| 257|0x0000000090100000, 0x0000000090200000, 0x0000000090200000|100%| O|  |TAMS 0x0000000090200000, 0x0000000090100000| Untracked 
| 258|0x0000000090200000, 0x0000000090300000, 0x0000000090300000|100%| O|  |TAMS 0x0000000090300000, 0x0000000090200000| Untracked 
| 259|0x0000000090300000, 0x0000000090400000, 0x0000000090400000|100%| O|  |TAMS 0x0000000090400000, 0x0000000090300000| Untracked 
| 260|0x0000000090400000, 0x0000000090500000, 0x0000000090500000|100%| O|  |TAMS 0x0000000090500000, 0x0000000090400000| Untracked 
| 261|0x0000000090500000, 0x0000000090600000, 0x0000000090600000|100%| O|  |TAMS 0x0000000090600000, 0x0000000090500000| Untracked 
| 262|0x0000000090600000, 0x0000000090700000, 0x0000000090700000|100%| O|  |TAMS 0x0000000090700000, 0x0000000090600000| Untracked 
| 263|0x0000000090700000, 0x0000000090800000, 0x0000000090800000|100%| O|  |TAMS 0x0000000090800000, 0x0000000090700000| Untracked 
| 264|0x0000000090800000, 0x0000000090900000, 0x0000000090900000|100%| O|  |TAMS 0x0000000090900000, 0x0000000090800000| Untracked 
| 265|0x0000000090900000, 0x0000000090a00000, 0x0000000090a00000|100%| O|  |TAMS 0x0000000090a00000, 0x0000000090900000| Untracked 
| 266|0x0000000090a00000, 0x0000000090b00000, 0x0000000090b00000|100%| O|  |TAMS 0x0000000090a00000, 0x0000000090a00000| Untracked 
| 267|0x0000000090b00000, 0x0000000090c00000, 0x0000000090c00000|100%| O|  |TAMS 0x0000000090c00000, 0x0000000090b00000| Untracked 
| 268|0x0000000090c00000, 0x0000000090d00000, 0x0000000090d00000|100%| O|  |TAMS 0x0000000090d00000, 0x0000000090c00000| Untracked 
| 269|0x0000000090d00000, 0x0000000090e00000, 0x0000000090e00000|100%| O|  |TAMS 0x0000000090e00000, 0x0000000090d00000| Untracked 
| 270|0x0000000090e00000, 0x0000000090f00000, 0x0000000090f00000|100%| O|  |TAMS 0x0000000090f00000, 0x0000000090e00000| Untracked 
| 271|0x0000000090f00000, 0x0000000091000000, 0x0000000091000000|100%| O|  |TAMS 0x0000000091000000, 0x0000000090f00000| Untracked 
| 272|0x0000000091000000, 0x0000000091100000, 0x0000000091100000|100%| O|  |TAMS 0x0000000091000000, 0x0000000091000000| Untracked 
| 273|0x0000000091100000, 0x0000000091200000, 0x0000000091200000|100%| O|  |TAMS 0x0000000091200000, 0x0000000091100000| Untracked 
| 274|0x0000000091200000, 0x0000000091300000, 0x0000000091300000|100%| O|  |TAMS 0x0000000091300000, 0x0000000091200000| Untracked 
| 275|0x0000000091300000, 0x0000000091400000, 0x0000000091400000|100%| O|  |TAMS 0x0000000091400000, 0x0000000091300000| Untracked 
| 276|0x0000000091400000, 0x0000000091500000, 0x0000000091500000|100%| O|  |TAMS 0x0000000091500000, 0x0000000091400000| Untracked 
| 277|0x0000000091500000, 0x0000000091600000, 0x0000000091600000|100%| O|  |TAMS 0x0000000091600000, 0x0000000091500000| Untracked 
| 278|0x0000000091600000, 0x0000000091700000, 0x0000000091700000|100%| O|  |TAMS 0x0000000091700000, 0x0000000091600000| Untracked 
| 279|0x0000000091700000, 0x0000000091800000, 0x0000000091800000|100%| O|  |TAMS 0x0000000091800000, 0x0000000091700000| Untracked 
| 280|0x0000000091800000, 0x0000000091900000, 0x0000000091900000|100%| O|  |TAMS 0x0000000091900000, 0x0000000091800000| Untracked 
| 281|0x0000000091900000, 0x0000000091a00000, 0x0000000091a00000|100%| O|  |TAMS 0x0000000091900000, 0x0000000091900000| Untracked 
| 282|0x0000000091a00000, 0x0000000091b00000, 0x0000000091b00000|100%| O|  |TAMS 0x0000000091b00000, 0x0000000091a00000| Untracked 
| 283|0x0000000091b00000, 0x0000000091b00000, 0x0000000091c00000|  0%| F|  |TAMS 0x0000000091b00000, 0x0000000091b00000| Untracked 
| 284|0x0000000091c00000, 0x0000000091d00000, 0x0000000091d00000|100%| O|  |TAMS 0x0000000091d00000, 0x0000000091c00000| Untracked 
| 285|0x0000000091d00000, 0x0000000091e00000, 0x0000000091e00000|100%| O|  |TAMS 0x0000000091e00000, 0x0000000091d00000| Untracked 
| 286|0x0000000091e00000, 0x0000000091f00000, 0x0000000091f00000|100%| O|  |TAMS 0x0000000091e00000, 0x0000000091e00000| Untracked 
| 287|0x0000000091f00000, 0x0000000092000000, 0x0000000092000000|100%| O|  |TAMS 0x0000000091f00000, 0x0000000091f00000| Untracked 
| 288|0x0000000092000000, 0x0000000092100000, 0x0000000092100000|100%| O|  |TAMS 0x0000000092000000, 0x0000000092000000| Untracked 
| 289|0x0000000092100000, 0x0000000092200000, 0x0000000092200000|100%| O|  |TAMS 0x0000000092100000, 0x0000000092100000| Untracked 
| 290|0x0000000092200000, 0x0000000092268e00, 0x0000000092300000| 40%| O|  |TAMS 0x0000000092200000, 0x0000000092200000| Untracked 
| 291|0x0000000092300000, 0x0000000092300000, 0x0000000092400000|  0%| F|  |TAMS 0x0000000092300000, 0x0000000092300000| Untracked 
| 292|0x0000000092400000, 0x0000000092400000, 0x0000000092500000|  0%| F|  |TAMS 0x0000000092400000, 0x0000000092400000| Untracked 
| 293|0x0000000092500000, 0x0000000092600000, 0x0000000092600000|100%| O|  |TAMS 0x0000000092600000, 0x0000000092500000| Untracked 
| 294|0x0000000092600000, 0x0000000092700000, 0x0000000092700000|100%| O|  |TAMS 0x0000000092700000, 0x0000000092600000| Untracked 
| 295|0x0000000092700000, 0x0000000092700000, 0x0000000092800000|  0%| F|  |TAMS 0x0000000092700000, 0x0000000092700000| Untracked 
| 296|0x0000000092800000, 0x0000000092800000, 0x0000000092900000|  0%| F|  |TAMS 0x0000000092800000, 0x0000000092800000| Untracked 
| 297|0x0000000092900000, 0x0000000092900000, 0x0000000092a00000|  0%| F|  |TAMS 0x0000000092900000, 0x0000000092900000| Untracked 
| 298|0x0000000092a00000, 0x0000000092a00000, 0x0000000092b00000|  0%| F|  |TAMS 0x0000000092a00000, 0x0000000092a00000| Untracked 
| 299|0x0000000092b00000, 0x0000000092b00000, 0x0000000092c00000|  0%| F|  |TAMS 0x0000000092b00000, 0x0000000092b00000| Untracked 
| 300|0x0000000092c00000, 0x0000000092d00000, 0x0000000092d00000|100%| O|  |TAMS 0x0000000092d00000, 0x0000000092c00000| Untracked 
| 301|0x0000000092d00000, 0x0000000092d00000, 0x0000000092e00000|  0%| F|  |TAMS 0x0000000092d00000, 0x0000000092d00000| Untracked 
| 302|0x0000000092e00000, 0x0000000092f00000, 0x0000000092f00000|100%| O|  |TAMS 0x0000000092f00000, 0x0000000092e00000| Untracked 
| 303|0x0000000092f00000, 0x0000000092f00000, 0x0000000093000000|  0%| F|  |TAMS 0x0000000092f00000, 0x0000000092f00000| Untracked 
| 304|0x0000000093000000, 0x0000000093000000, 0x0000000093100000|  0%| F|  |TAMS 0x0000000093000000, 0x0000000093000000| Untracked 
| 305|0x0000000093100000, 0x0000000093100000, 0x0000000093200000|  0%| F|  |TAMS 0x0000000093100000, 0x0000000093100000| Untracked 
| 306|0x0000000093200000, 0x0000000093300000, 0x0000000093300000|100%| O|  |TAMS 0x0000000093300000, 0x0000000093200000| Untracked 
| 307|0x0000000093300000, 0x0000000093300000, 0x0000000093400000|  0%| F|  |TAMS 0x0000000093300000, 0x0000000093300000| Untracked 
| 308|0x0000000093400000, 0x0000000093400000, 0x0000000093500000|  0%| F|  |TAMS 0x0000000093400000, 0x0000000093400000| Untracked 
| 309|0x0000000093500000, 0x0000000093500000, 0x0000000093600000|  0%| F|  |TAMS 0x0000000093500000, 0x0000000093500000| Untracked 
| 310|0x0000000093600000, 0x0000000093700000, 0x0000000093700000|100%| O|  |TAMS 0x0000000093700000, 0x0000000093600000| Untracked 
| 311|0x0000000093700000, 0x0000000093700000, 0x0000000093800000|  0%| F|  |TAMS 0x0000000093700000, 0x0000000093700000| Untracked 
| 312|0x0000000093800000, 0x0000000093800000, 0x0000000093900000|  0%| F|  |TAMS 0x0000000093800000, 0x0000000093800000| Untracked 
| 313|0x0000000093900000, 0x0000000093a00000, 0x0000000093a00000|100%| O|  |TAMS 0x0000000093a00000, 0x0000000093900000| Untracked 
| 314|0x0000000093a00000, 0x0000000093b00000, 0x0000000093b00000|100%| O|  |TAMS 0x0000000093b00000, 0x0000000093a00000| Untracked 
| 315|0x0000000093b00000, 0x0000000093c00000, 0x0000000093c00000|100%| O|  |TAMS 0x0000000093c00000, 0x0000000093b00000| Untracked 
| 316|0x0000000093c00000, 0x0000000093c00000, 0x0000000093d00000|  0%| F|  |TAMS 0x0000000093c00000, 0x0000000093c00000| Untracked 
| 317|0x0000000093d00000, 0x0000000093d00000, 0x0000000093e00000|  0%| F|  |TAMS 0x0000000093d00000, 0x0000000093d00000| Untracked 
| 318|0x0000000093e00000, 0x0000000093e00000, 0x0000000093f00000|  0%| F|  |TAMS 0x0000000093e00000, 0x0000000093e00000| Untracked 
| 319|0x0000000093f00000, 0x0000000093f00000, 0x0000000094000000|  0%| F|  |TAMS 0x0000000093f00000, 0x0000000093f00000| Untracked 
| 320|0x0000000094000000, 0x0000000094100000, 0x0000000094100000|100%| O|  |TAMS 0x0000000094100000, 0x0000000094000000| Untracked 
| 321|0x0000000094100000, 0x0000000094100000, 0x0000000094200000|  0%| F|  |TAMS 0x0000000094100000, 0x0000000094100000| Untracked 
| 322|0x0000000094200000, 0x0000000094200000, 0x0000000094300000|  0%| F|  |TAMS 0x0000000094200000, 0x0000000094200000| Untracked 
| 323|0x0000000094300000, 0x0000000094300000, 0x0000000094400000|  0%| F|  |TAMS 0x0000000094300000, 0x0000000094300000| Untracked 
| 324|0x0000000094400000, 0x0000000094400000, 0x0000000094500000|  0%| F|  |TAMS 0x0000000094400000, 0x0000000094400000| Untracked 
| 325|0x0000000094500000, 0x0000000094500000, 0x0000000094600000|  0%| F|  |TAMS 0x0000000094500000, 0x0000000094500000| Untracked 
| 326|0x0000000094600000, 0x0000000094600000, 0x0000000094700000|  0%| F|  |TAMS 0x0000000094600000, 0x0000000094600000| Untracked 
| 327|0x0000000094700000, 0x0000000094700000, 0x0000000094800000|  0%| F|  |TAMS 0x0000000094700000, 0x0000000094700000| Untracked 
| 328|0x0000000094800000, 0x0000000094800000, 0x0000000094900000|  0%| F|  |TAMS 0x0000000094800000, 0x0000000094800000| Untracked 
| 329|0x0000000094900000, 0x0000000094900000, 0x0000000094a00000|  0%| F|  |TAMS 0x0000000094900000, 0x0000000094900000| Untracked 
| 330|0x0000000094a00000, 0x0000000094a00000, 0x0000000094b00000|  0%| F|  |TAMS 0x0000000094a00000, 0x0000000094a00000| Untracked 
| 331|0x0000000094b00000, 0x0000000094b00000, 0x0000000094c00000|  0%| F|  |TAMS 0x0000000094b00000, 0x0000000094b00000| Untracked 
| 332|0x0000000094c00000, 0x0000000094c00000, 0x0000000094d00000|  0%| F|  |TAMS 0x0000000094c00000, 0x0000000094c00000| Untracked 
| 333|0x0000000094d00000, 0x0000000094d00000, 0x0000000094e00000|  0%| F|  |TAMS 0x0000000094d00000, 0x0000000094d00000| Untracked 
| 334|0x0000000094e00000, 0x0000000094e00000, 0x0000000094f00000|  0%| F|  |TAMS 0x0000000094e00000, 0x0000000094e00000| Untracked 
| 335|0x0000000094f00000, 0x0000000094f00000, 0x0000000095000000|  0%| F|  |TAMS 0x0000000094f00000, 0x0000000094f00000| Untracked 
| 336|0x0000000095000000, 0x0000000095000000, 0x0000000095100000|  0%| F|  |TAMS 0x0000000095000000, 0x0000000095000000| Untracked 
| 337|0x0000000095100000, 0x0000000095100000, 0x0000000095200000|  0%| F|  |TAMS 0x0000000095100000, 0x0000000095100000| Untracked 
| 338|0x0000000095200000, 0x0000000095200000, 0x0000000095300000|  0%| F|  |TAMS 0x0000000095200000, 0x0000000095200000| Untracked 
| 339|0x0000000095300000, 0x0000000095400000, 0x0000000095400000|100%| O|  |TAMS 0x0000000095400000, 0x0000000095300000| Untracked 
| 340|0x0000000095400000, 0x0000000095500000, 0x0000000095500000|100%| O|  |TAMS 0x0000000095500000, 0x0000000095400000| Untracked 
| 341|0x0000000095500000, 0x0000000095500000, 0x0000000095600000|  0%| F|  |TAMS 0x0000000095500000, 0x0000000095500000| Untracked 
| 342|0x0000000095600000, 0x0000000095700000, 0x0000000095700000|100%| O|  |TAMS 0x0000000095700000, 0x0000000095600000| Untracked 
| 343|0x0000000095700000, 0x0000000095800000, 0x0000000095800000|100%| O|  |TAMS 0x0000000095800000, 0x0000000095700000| Untracked 
| 344|0x0000000095800000, 0x0000000095900000, 0x0000000095900000|100%| O|  |TAMS 0x0000000095900000, 0x0000000095800000| Untracked 
| 345|0x0000000095900000, 0x0000000095a00000, 0x0000000095a00000|100%| O|  |TAMS 0x0000000095a00000, 0x0000000095900000| Untracked 
| 346|0x0000000095a00000, 0x0000000095b00000, 0x0000000095b00000|100%| O|  |TAMS 0x0000000095b00000, 0x0000000095a00000| Untracked 
| 347|0x0000000095b00000, 0x0000000095c00000, 0x0000000095c00000|100%| O|  |TAMS 0x0000000095c00000, 0x0000000095b00000| Untracked 
| 348|0x0000000095c00000, 0x0000000095d00000, 0x0000000095d00000|100%| O|  |TAMS 0x0000000095d00000, 0x0000000095c00000| Untracked 
| 349|0x0000000095d00000, 0x0000000095e00000, 0x0000000095e00000|100%| O|  |TAMS 0x0000000095e00000, 0x0000000095d00000| Untracked 
| 350|0x0000000095e00000, 0x0000000095f00000, 0x0000000095f00000|100%| O|  |TAMS 0x0000000095f00000, 0x0000000095e00000| Untracked 
| 351|0x0000000095f00000, 0x0000000096000000, 0x0000000096000000|100%| O|  |TAMS 0x0000000096000000, 0x0000000095f00000| Untracked 
| 352|0x0000000096000000, 0x0000000096100000, 0x0000000096100000|100%| O|  |TAMS 0x0000000096100000, 0x0000000096000000| Untracked 
| 353|0x0000000096100000, 0x0000000096200000, 0x0000000096200000|100%| O|  |TAMS 0x0000000096200000, 0x0000000096100000| Untracked 
| 354|0x0000000096200000, 0x0000000096300000, 0x0000000096300000|100%| O|  |TAMS 0x0000000096300000, 0x0000000096200000| Untracked 
| 355|0x0000000096300000, 0x0000000096400000, 0x0000000096400000|100%| O|  |TAMS 0x0000000096400000, 0x0000000096300000| Untracked 
| 356|0x0000000096400000, 0x0000000096500000, 0x0000000096500000|100%| O|  |TAMS 0x0000000096500000, 0x0000000096400000| Untracked 
| 357|0x0000000096500000, 0x0000000096600000, 0x0000000096600000|100%| O|  |TAMS 0x0000000096600000, 0x0000000096500000| Untracked 
| 358|0x0000000096600000, 0x0000000096700000, 0x0000000096700000|100%| O|  |TAMS 0x0000000096700000, 0x0000000096600000| Untracked 
| 359|0x0000000096700000, 0x0000000096800000, 0x0000000096800000|100%| O|  |TAMS 0x0000000096800000, 0x0000000096700000| Untracked 
| 360|0x0000000096800000, 0x0000000096900000, 0x0000000096900000|100%| O|  |TAMS 0x0000000096900000, 0x0000000096800000| Untracked 
| 361|0x0000000096900000, 0x0000000096a00000, 0x0000000096a00000|100%| O|  |TAMS 0x0000000096a00000, 0x0000000096900000| Untracked 
| 362|0x0000000096a00000, 0x0000000096b00000, 0x0000000096b00000|100%| O|  |TAMS 0x0000000096b00000, 0x0000000096a00000| Untracked 
| 363|0x0000000096b00000, 0x0000000096c00000, 0x0000000096c00000|100%| O|  |TAMS 0x0000000096c00000, 0x0000000096b00000| Untracked 
| 364|0x0000000096c00000, 0x0000000096d00000, 0x0000000096d00000|100%| O|  |TAMS 0x0000000096d00000, 0x0000000096c00000| Untracked 
| 365|0x0000000096d00000, 0x0000000096e00000, 0x0000000096e00000|100%| O|  |TAMS 0x0000000096e00000, 0x0000000096d00000| Untracked 
| 366|0x0000000096e00000, 0x0000000096f00000, 0x0000000096f00000|100%| O|  |TAMS 0x0000000096f00000, 0x0000000096e00000| Untracked 
| 367|0x0000000096f00000, 0x0000000097000000, 0x0000000097000000|100%| O|  |TAMS 0x0000000097000000, 0x0000000096f00000| Untracked 
| 368|0x0000000097000000, 0x0000000097100000, 0x0000000097100000|100%| O|  |TAMS 0x0000000097100000, 0x0000000097000000| Untracked 
| 369|0x0000000097100000, 0x0000000097200000, 0x0000000097200000|100%| O|  |TAMS 0x000000009719ce00, 0x0000000097100000| Untracked 
| 370|0x0000000097200000, 0x0000000097200000, 0x0000000097300000|  0%| F|  |TAMS 0x0000000097200000, 0x0000000097200000| Untracked 
| 371|0x0000000097300000, 0x0000000097300000, 0x0000000097400000|  0%| F|  |TAMS 0x0000000097300000, 0x0000000097300000| Untracked 
| 372|0x0000000097400000, 0x0000000097400000, 0x0000000097500000|  0%| F|  |TAMS 0x0000000097400000, 0x0000000097400000| Untracked 
| 373|0x0000000097500000, 0x0000000097500000, 0x0000000097600000|  0%| F|  |TAMS 0x0000000097500000, 0x0000000097500000| Untracked 
| 374|0x0000000097600000, 0x0000000097600000, 0x0000000097700000|  0%| F|  |TAMS 0x0000000097600000, 0x0000000097600000| Untracked 
| 375|0x0000000097700000, 0x0000000097700000, 0x0000000097800000|  0%| F|  |TAMS 0x0000000097700000, 0x0000000097700000| Untracked 
| 376|0x0000000097800000, 0x0000000097800000, 0x0000000097900000|  0%| F|  |TAMS 0x0000000097800000, 0x0000000097800000| Untracked 
| 377|0x0000000097900000, 0x0000000097900000, 0x0000000097a00000|  0%| F|  |TAMS 0x0000000097900000, 0x0000000097900000| Untracked 
| 378|0x0000000097a00000, 0x0000000097a00000, 0x0000000097b00000|  0%| F|  |TAMS 0x0000000097a00000, 0x0000000097a00000| Untracked 
| 379|0x0000000097b00000, 0x0000000097b00000, 0x0000000097c00000|  0%| F|  |TAMS 0x0000000097b00000, 0x0000000097b00000| Untracked 
| 380|0x0000000097c00000, 0x0000000097c00000, 0x0000000097d00000|  0%| F|  |TAMS 0x0000000097c00000, 0x0000000097c00000| Untracked 
| 381|0x0000000097d00000, 0x0000000097d00000, 0x0000000097e00000|  0%| F|  |TAMS 0x0000000097d00000, 0x0000000097d00000| Untracked 
| 382|0x0000000097e00000, 0x0000000097e00000, 0x0000000097f00000|  0%| F|  |TAMS 0x0000000097e00000, 0x0000000097e00000| Untracked 
| 383|0x0000000097f00000, 0x0000000097f00000, 0x0000000098000000|  0%| F|  |TAMS 0x0000000097f00000, 0x0000000097f00000| Untracked 
| 384|0x0000000098000000, 0x0000000098000000, 0x0000000098100000|  0%| F|  |TAMS 0x0000000098000000, 0x0000000098000000| Untracked 
| 385|0x0000000098100000, 0x0000000098100000, 0x0000000098200000|  0%| F|  |TAMS 0x0000000098100000, 0x0000000098100000| Untracked 
| 386|0x0000000098200000, 0x0000000098200000, 0x0000000098300000|  0%| F|  |TAMS 0x0000000098200000, 0x0000000098200000| Untracked 
| 387|0x0000000098300000, 0x0000000098300000, 0x0000000098400000|  0%| F|  |TAMS 0x0000000098300000, 0x0000000098300000| Untracked 
| 388|0x0000000098400000, 0x0000000098400000, 0x0000000098500000|  0%| F|  |TAMS 0x0000000098400000, 0x0000000098400000| Untracked 
| 389|0x0000000098500000, 0x0000000098500000, 0x0000000098600000|  0%| F|  |TAMS 0x0000000098500000, 0x0000000098500000| Untracked 
| 390|0x0000000098600000, 0x0000000098600000, 0x0000000098700000|  0%| F|  |TAMS 0x0000000098600000, 0x0000000098600000| Untracked 
| 391|0x0000000098700000, 0x0000000098700000, 0x0000000098800000|  0%| F|  |TAMS 0x0000000098700000, 0x0000000098700000| Untracked 
| 392|0x0000000098800000, 0x0000000098800000, 0x0000000098900000|  0%| F|  |TAMS 0x0000000098800000, 0x0000000098800000| Untracked 
| 393|0x0000000098900000, 0x0000000098900000, 0x0000000098a00000|  0%| F|  |TAMS 0x0000000098900000, 0x0000000098900000| Untracked 
| 394|0x0000000098a00000, 0x0000000098a00000, 0x0000000098b00000|  0%| F|  |TAMS 0x0000000098a00000, 0x0000000098a00000| Untracked 
| 395|0x0000000098b00000, 0x0000000098b00000, 0x0000000098c00000|  0%| F|  |TAMS 0x0000000098b00000, 0x0000000098b00000| Untracked 
| 396|0x0000000098c00000, 0x0000000098c00000, 0x0000000098d00000|  0%| F|  |TAMS 0x0000000098c00000, 0x0000000098c00000| Untracked 
| 397|0x0000000098d00000, 0x0000000098d00000, 0x0000000098e00000|  0%| F|  |TAMS 0x0000000098d00000, 0x0000000098d00000| Untracked 
| 398|0x0000000098e00000, 0x0000000098e00000, 0x0000000098f00000|  0%| F|  |TAMS 0x0000000098e00000, 0x0000000098e00000| Untracked 
| 399|0x0000000098f00000, 0x0000000098f00000, 0x0000000099000000|  0%| F|  |TAMS 0x0000000098f00000, 0x0000000098f00000| Untracked 
| 400|0x0000000099000000, 0x0000000099000000, 0x0000000099100000|  0%| F|  |TAMS 0x0000000099000000, 0x0000000099000000| Untracked 
| 401|0x0000000099100000, 0x0000000099100000, 0x0000000099200000|  0%| F|  |TAMS 0x0000000099100000, 0x0000000099100000| Untracked 
| 402|0x0000000099200000, 0x0000000099200000, 0x0000000099300000|  0%| F|  |TAMS 0x0000000099200000, 0x0000000099200000| Untracked 
| 403|0x0000000099300000, 0x00000000993441d8, 0x0000000099400000| 26%| S|CS|TAMS 0x0000000099300000, 0x0000000099300000| Complete 
| 404|0x0000000099400000, 0x0000000099500000, 0x0000000099500000|100%| S|CS|TAMS 0x0000000099400000, 0x0000000099400000| Complete 
| 405|0x0000000099500000, 0x0000000099600000, 0x0000000099600000|100%| S|CS|TAMS 0x0000000099500000, 0x0000000099500000| Complete 
| 406|0x0000000099600000, 0x0000000099700000, 0x0000000099700000|100%| S|CS|TAMS 0x0000000099600000, 0x0000000099600000| Complete 
| 407|0x0000000099700000, 0x0000000099800000, 0x0000000099800000|100%| S|CS|TAMS 0x0000000099700000, 0x0000000099700000| Complete 
| 408|0x0000000099800000, 0x0000000099900000, 0x0000000099900000|100%| S|CS|TAMS 0x0000000099800000, 0x0000000099800000| Complete 
| 409|0x0000000099900000, 0x0000000099a00000, 0x0000000099a00000|100%| S|CS|TAMS 0x0000000099900000, 0x0000000099900000| Complete 
| 410|0x0000000099a00000, 0x0000000099b00000, 0x0000000099b00000|100%| S|CS|TAMS 0x0000000099a00000, 0x0000000099a00000| Complete 
| 411|0x0000000099b00000, 0x0000000099b00000, 0x0000000099c00000|  0%| F|  |TAMS 0x0000000099b00000, 0x0000000099b00000| Untracked 
| 412|0x0000000099c00000, 0x0000000099c00000, 0x0000000099d00000|  0%| F|  |TAMS 0x0000000099c00000, 0x0000000099c00000| Untracked 
| 413|0x0000000099d00000, 0x0000000099d00000, 0x0000000099e00000|  0%| F|  |TAMS 0x0000000099d00000, 0x0000000099d00000| Untracked 
| 414|0x0000000099e00000, 0x0000000099e00000, 0x0000000099f00000|  0%| F|  |TAMS 0x0000000099e00000, 0x0000000099e00000| Untracked 
| 415|0x0000000099f00000, 0x0000000099f00000, 0x000000009a000000|  0%| F|  |TAMS 0x0000000099f00000, 0x0000000099f00000| Untracked 
| 416|0x000000009a000000, 0x000000009a000000, 0x000000009a100000|  0%| F|  |TAMS 0x000000009a000000, 0x000000009a000000| Untracked 
| 417|0x000000009a100000, 0x000000009a100000, 0x000000009a200000|  0%| F|  |TAMS 0x000000009a100000, 0x000000009a100000| Untracked 
| 418|0x000000009a200000, 0x000000009a200000, 0x000000009a300000|  0%| F|  |TAMS 0x000000009a200000, 0x000000009a200000| Untracked 
| 419|0x000000009a300000, 0x000000009a300000, 0x000000009a400000|  0%| F|  |TAMS 0x000000009a300000, 0x000000009a300000| Untracked 
| 420|0x000000009a400000, 0x000000009a400000, 0x000000009a500000|  0%| F|  |TAMS 0x000000009a400000, 0x000000009a400000| Untracked 
| 421|0x000000009a500000, 0x000000009a500000, 0x000000009a600000|  0%| F|  |TAMS 0x000000009a500000, 0x000000009a500000| Untracked 
| 422|0x000000009a600000, 0x000000009a600000, 0x000000009a700000|  0%| F|  |TAMS 0x000000009a600000, 0x000000009a600000| Untracked 
| 423|0x000000009a700000, 0x000000009a700000, 0x000000009a800000|  0%| F|  |TAMS 0x000000009a700000, 0x000000009a700000| Untracked 
| 424|0x000000009a800000, 0x000000009a800000, 0x000000009a900000|  0%| F|  |TAMS 0x000000009a800000, 0x000000009a800000| Untracked 
| 425|0x000000009a900000, 0x000000009a900000, 0x000000009aa00000|  0%| F|  |TAMS 0x000000009a900000, 0x000000009a900000| Untracked 
| 426|0x000000009aa00000, 0x000000009aa00000, 0x000000009ab00000|  0%| F|  |TAMS 0x000000009aa00000, 0x000000009aa00000| Untracked 
| 427|0x000000009ab00000, 0x000000009ab00000, 0x000000009ac00000|  0%| F|  |TAMS 0x000000009ab00000, 0x000000009ab00000| Untracked 
| 428|0x000000009ac00000, 0x000000009ac00000, 0x000000009ad00000|  0%| F|  |TAMS 0x000000009ac00000, 0x000000009ac00000| Untracked 
| 429|0x000000009ad00000, 0x000000009ad00000, 0x000000009ae00000|  0%| F|  |TAMS 0x000000009ad00000, 0x000000009ad00000| Untracked 
| 430|0x000000009ae00000, 0x000000009ae80000, 0x000000009af00000| 50%| E|  |TAMS 0x000000009ae00000, 0x000000009ae00000| Complete 
| 431|0x000000009af00000, 0x000000009b000000, 0x000000009b000000|100%| E|CS|TAMS 0x000000009af00000, 0x000000009af00000| Complete 
| 432|0x000000009b000000, 0x000000009b100000, 0x000000009b100000|100%| E|CS|TAMS 0x000000009b000000, 0x000000009b000000| Complete 
| 433|0x000000009b100000, 0x000000009b200000, 0x000000009b200000|100%| E|CS|TAMS 0x000000009b100000, 0x000000009b100000| Complete 
| 434|0x000000009b200000, 0x000000009b300000, 0x000000009b300000|100%| E|CS|TAMS 0x000000009b200000, 0x000000009b200000| Complete 
| 435|0x000000009b300000, 0x000000009b400000, 0x000000009b400000|100%| E|CS|TAMS 0x000000009b300000, 0x000000009b300000| Complete 
| 436|0x000000009b400000, 0x000000009b500000, 0x000000009b500000|100%| E|CS|TAMS 0x000000009b400000, 0x000000009b400000| Complete 
| 437|0x000000009b500000, 0x000000009b600000, 0x000000009b600000|100%| E|CS|TAMS 0x000000009b500000, 0x000000009b500000| Complete 
| 438|0x000000009b600000, 0x000000009b700000, 0x000000009b700000|100%| E|CS|TAMS 0x000000009b600000, 0x000000009b600000| Complete 
| 439|0x000000009b700000, 0x000000009b800000, 0x000000009b800000|100%| E|CS|TAMS 0x000000009b700000, 0x000000009b700000| Complete 
| 440|0x000000009b800000, 0x000000009b900000, 0x000000009b900000|100%| E|CS|TAMS 0x000000009b800000, 0x000000009b800000| Complete 
| 441|0x000000009b900000, 0x000000009ba00000, 0x000000009ba00000|100%| E|CS|TAMS 0x000000009b900000, 0x000000009b900000| Complete 
| 442|0x000000009ba00000, 0x000000009bb00000, 0x000000009bb00000|100%| E|CS|TAMS 0x000000009ba00000, 0x000000009ba00000| Complete 
| 443|0x000000009bb00000, 0x000000009bc00000, 0x000000009bc00000|100%| E|CS|TAMS 0x000000009bb00000, 0x000000009bb00000| Complete 
| 444|0x000000009bc00000, 0x000000009bd00000, 0x000000009bd00000|100%| E|CS|TAMS 0x000000009bc00000, 0x000000009bc00000| Complete 
| 445|0x000000009bd00000, 0x000000009be00000, 0x000000009be00000|100%| E|CS|TAMS 0x000000009bd00000, 0x000000009bd00000| Complete 
| 446|0x000000009be00000, 0x000000009bf00000, 0x000000009bf00000|100%| E|CS|TAMS 0x000000009be00000, 0x000000009be00000| Complete 
| 447|0x000000009bf00000, 0x000000009c000000, 0x000000009c000000|100%| E|CS|TAMS 0x000000009bf00000, 0x000000009bf00000| Complete 
| 448|0x000000009c000000, 0x000000009c100000, 0x000000009c100000|100%| E|CS|TAMS 0x000000009c000000, 0x000000009c000000| Complete 
| 449|0x000000009c100000, 0x000000009c200000, 0x000000009c200000|100%| E|CS|TAMS 0x000000009c100000, 0x000000009c100000| Complete 
| 450|0x000000009c200000, 0x000000009c300000, 0x000000009c300000|100%| E|CS|TAMS 0x000000009c200000, 0x000000009c200000| Complete 
| 451|0x000000009c300000, 0x000000009c400000, 0x000000009c400000|100%| E|CS|TAMS 0x000000009c300000, 0x000000009c300000| Complete 
| 452|0x000000009c400000, 0x000000009c500000, 0x000000009c500000|100%| E|CS|TAMS 0x000000009c400000, 0x000000009c400000| Complete 
| 453|0x000000009c500000, 0x000000009c600000, 0x000000009c600000|100%| E|CS|TAMS 0x000000009c500000, 0x000000009c500000| Complete 
| 454|0x000000009c600000, 0x000000009c700000, 0x000000009c700000|100%| E|CS|TAMS 0x000000009c600000, 0x000000009c600000| Complete 
| 455|0x000000009c700000, 0x000000009c800000, 0x000000009c800000|100%| E|CS|TAMS 0x000000009c700000, 0x000000009c700000| Complete 
| 456|0x000000009c800000, 0x000000009c900000, 0x000000009c900000|100%| E|CS|TAMS 0x000000009c800000, 0x000000009c800000| Complete 
| 457|0x000000009c900000, 0x000000009ca00000, 0x000000009ca00000|100%| E|CS|TAMS 0x000000009c900000, 0x000000009c900000| Complete 
| 458|0x000000009ca00000, 0x000000009cb00000, 0x000000009cb00000|100%| E|CS|TAMS 0x000000009ca00000, 0x000000009ca00000| Complete 
| 459|0x000000009cb00000, 0x000000009cc00000, 0x000000009cc00000|100%| E|CS|TAMS 0x000000009cb00000, 0x000000009cb00000| Complete 
| 460|0x000000009cc00000, 0x000000009cd00000, 0x000000009cd00000|100%| E|CS|TAMS 0x000000009cc00000, 0x000000009cc00000| Complete 
| 461|0x000000009cd00000, 0x000000009ce00000, 0x000000009ce00000|100%| E|CS|TAMS 0x000000009cd00000, 0x000000009cd00000| Complete 
| 462|0x000000009ce00000, 0x000000009cf00000, 0x000000009cf00000|100%| E|CS|TAMS 0x000000009ce00000, 0x000000009ce00000| Complete 
| 463|0x000000009cf00000, 0x000000009d000000, 0x000000009d000000|100%| E|CS|TAMS 0x000000009cf00000, 0x000000009cf00000| Complete 
| 464|0x000000009d000000, 0x000000009d100000, 0x000000009d100000|100%| E|CS|TAMS 0x000000009d000000, 0x000000009d000000| Complete 
| 465|0x000000009d100000, 0x000000009d200000, 0x000000009d200000|100%| E|CS|TAMS 0x000000009d100000, 0x000000009d100000| Complete 
| 466|0x000000009d200000, 0x000000009d300000, 0x000000009d300000|100%| E|CS|TAMS 0x000000009d200000, 0x000000009d200000| Complete 
| 467|0x000000009d300000, 0x000000009d400000, 0x000000009d400000|100%| E|CS|TAMS 0x000000009d300000, 0x000000009d300000| Complete 
| 468|0x000000009d400000, 0x000000009d500000, 0x000000009d500000|100%| E|CS|TAMS 0x000000009d400000, 0x000000009d400000| Complete 
| 469|0x000000009d500000, 0x000000009d600000, 0x000000009d600000|100%| E|CS|TAMS 0x000000009d500000, 0x000000009d500000| Complete 
| 470|0x000000009d600000, 0x000000009d700000, 0x000000009d700000|100%| E|CS|TAMS 0x000000009d600000, 0x000000009d600000| Complete 
| 471|0x000000009d700000, 0x000000009d800000, 0x000000009d800000|100%| E|CS|TAMS 0x000000009d700000, 0x000000009d700000| Complete 
| 472|0x000000009d800000, 0x000000009d900000, 0x000000009d900000|100%| E|CS|TAMS 0x000000009d800000, 0x000000009d800000| Complete 
| 473|0x000000009d900000, 0x000000009da00000, 0x000000009da00000|100%| E|CS|TAMS 0x000000009d900000, 0x000000009d900000| Complete 
| 474|0x000000009da00000, 0x000000009db00000, 0x000000009db00000|100%| E|CS|TAMS 0x000000009da00000, 0x000000009da00000| Complete 
| 475|0x000000009db00000, 0x000000009dc00000, 0x000000009dc00000|100%| E|CS|TAMS 0x000000009db00000, 0x000000009db00000| Complete 
| 476|0x000000009dc00000, 0x000000009dd00000, 0x000000009dd00000|100%| E|CS|TAMS 0x000000009dc00000, 0x000000009dc00000| Complete 
| 477|0x000000009dd00000, 0x000000009de00000, 0x000000009de00000|100%| E|CS|TAMS 0x000000009dd00000, 0x000000009dd00000| Complete 
| 478|0x000000009de00000, 0x000000009df00000, 0x000000009df00000|100%| E|CS|TAMS 0x000000009de00000, 0x000000009de00000| Complete 
| 479|0x000000009df00000, 0x000000009e000000, 0x000000009e000000|100%| E|CS|TAMS 0x000000009df00000, 0x000000009df00000| Complete 
| 480|0x000000009e000000, 0x000000009e100000, 0x000000009e100000|100%| E|CS|TAMS 0x000000009e000000, 0x000000009e000000| Complete 
| 481|0x000000009e100000, 0x000000009e200000, 0x000000009e200000|100%| E|CS|TAMS 0x000000009e100000, 0x000000009e100000| Complete 
| 482|0x000000009e200000, 0x000000009e300000, 0x000000009e300000|100%| E|CS|TAMS 0x000000009e200000, 0x000000009e200000| Complete 
| 483|0x000000009e300000, 0x000000009e400000, 0x000000009e400000|100%| E|CS|TAMS 0x000000009e300000, 0x000000009e300000| Complete 
| 484|0x000000009e400000, 0x000000009e500000, 0x000000009e500000|100%| E|CS|TAMS 0x000000009e400000, 0x000000009e400000| Complete 
| 485|0x000000009e500000, 0x000000009e600000, 0x000000009e600000|100%| E|CS|TAMS 0x000000009e500000, 0x000000009e500000| Complete 
| 486|0x000000009e600000, 0x000000009e700000, 0x000000009e700000|100%| E|CS|TAMS 0x000000009e600000, 0x000000009e600000| Complete 
| 487|0x000000009e700000, 0x000000009e800000, 0x000000009e800000|100%| E|CS|TAMS 0x000000009e700000, 0x000000009e700000| Complete 
| 488|0x000000009e800000, 0x000000009e900000, 0x000000009e900000|100%| E|CS|TAMS 0x000000009e800000, 0x000000009e800000| Complete 
| 489|0x000000009e900000, 0x000000009ea00000, 0x000000009ea00000|100%| E|CS|TAMS 0x000000009e900000, 0x000000009e900000| Complete 
| 490|0x000000009ea00000, 0x000000009eb00000, 0x000000009eb00000|100%| E|CS|TAMS 0x000000009ea00000, 0x000000009ea00000| Complete 
| 491|0x000000009eb00000, 0x000000009ec00000, 0x000000009ec00000|100%| E|CS|TAMS 0x000000009eb00000, 0x000000009eb00000| Complete 
| 492|0x000000009ec00000, 0x000000009ed00000, 0x000000009ed00000|100%| E|CS|TAMS 0x000000009ec00000, 0x000000009ec00000| Complete 
| 493|0x000000009ed00000, 0x000000009ee00000, 0x000000009ee00000|100%| E|CS|TAMS 0x000000009ed00000, 0x000000009ed00000| Complete 
| 494|0x000000009ee00000, 0x000000009ef00000, 0x000000009ef00000|100%| E|CS|TAMS 0x000000009ee00000, 0x000000009ee00000| Complete 
| 495|0x000000009ef00000, 0x000000009f000000, 0x000000009f000000|100%| E|CS|TAMS 0x000000009ef00000, 0x000000009ef00000| Complete 
| 496|0x000000009f000000, 0x000000009f100000, 0x000000009f100000|100%| E|CS|TAMS 0x000000009f000000, 0x000000009f000000| Complete 
| 497|0x000000009f100000, 0x000000009f200000, 0x000000009f200000|100%| E|CS|TAMS 0x000000009f100000, 0x000000009f100000| Complete 
| 498|0x000000009f200000, 0x000000009f300000, 0x000000009f300000|100%| E|CS|TAMS 0x000000009f200000, 0x000000009f200000| Complete 
| 499|0x000000009f300000, 0x000000009f400000, 0x000000009f400000|100%| E|CS|TAMS 0x000000009f300000, 0x000000009f300000| Complete 
| 500|0x000000009f400000, 0x000000009f500000, 0x000000009f500000|100%| E|CS|TAMS 0x000000009f400000, 0x000000009f400000| Complete 
| 501|0x000000009f500000, 0x000000009f600000, 0x000000009f600000|100%| E|CS|TAMS 0x000000009f500000, 0x000000009f500000| Complete 
| 502|0x000000009f600000, 0x000000009f700000, 0x000000009f700000|100%| E|CS|TAMS 0x000000009f600000, 0x000000009f600000| Complete 
| 503|0x000000009f700000, 0x000000009f800000, 0x000000009f800000|100%| E|CS|TAMS 0x000000009f700000, 0x000000009f700000| Complete 
| 504|0x000000009f800000, 0x000000009f900000, 0x000000009f900000|100%| E|CS|TAMS 0x000000009f800000, 0x000000009f800000| Complete 
| 505|0x000000009f900000, 0x000000009fa00000, 0x000000009fa00000|100%| E|CS|TAMS 0x000000009f900000, 0x000000009f900000| Complete 
| 506|0x000000009fa00000, 0x000000009fb00000, 0x000000009fb00000|100%| E|CS|TAMS 0x000000009fa00000, 0x000000009fa00000| Complete 
| 507|0x000000009fb00000, 0x000000009fc00000, 0x000000009fc00000|100%| E|CS|TAMS 0x000000009fb00000, 0x000000009fb00000| Complete 
| 508|0x000000009fc00000, 0x000000009fd00000, 0x000000009fd00000|100%| E|CS|TAMS 0x000000009fc00000, 0x000000009fc00000| Complete 
| 509|0x000000009fd00000, 0x000000009fe00000, 0x000000009fe00000|100%| E|CS|TAMS 0x000000009fd00000, 0x000000009fd00000| Complete 
| 510|0x000000009fe00000, 0x000000009ff00000, 0x000000009ff00000|100%| E|CS|TAMS 0x000000009fe00000, 0x000000009fe00000| Complete 
| 511|0x000000009ff00000, 0x00000000a0000000, 0x00000000a0000000|100%| E|CS|TAMS 0x000000009ff00000, 0x000000009ff00000| Complete 
| 512|0x00000000a0000000, 0x00000000a0100000, 0x00000000a0100000|100%| E|CS|TAMS 0x00000000a0000000, 0x00000000a0000000| Complete 
| 513|0x00000000a0100000, 0x00000000a0200000, 0x00000000a0200000|100%| E|CS|TAMS 0x00000000a0100000, 0x00000000a0100000| Complete 
| 514|0x00000000a0200000, 0x00000000a0300000, 0x00000000a0300000|100%| E|CS|TAMS 0x00000000a0200000, 0x00000000a0200000| Complete 
| 515|0x00000000a0300000, 0x00000000a0400000, 0x00000000a0400000|100%| E|CS|TAMS 0x00000000a0300000, 0x00000000a0300000| Complete 
| 516|0x00000000a0400000, 0x00000000a0500000, 0x00000000a0500000|100%| E|CS|TAMS 0x00000000a0400000, 0x00000000a0400000| Complete 
| 517|0x00000000a0500000, 0x00000000a0600000, 0x00000000a0600000|100%| E|CS|TAMS 0x00000000a0500000, 0x00000000a0500000| Complete 
| 518|0x00000000a0600000, 0x00000000a0700000, 0x00000000a0700000|100%| E|CS|TAMS 0x00000000a0600000, 0x00000000a0600000| Complete 
| 519|0x00000000a0700000, 0x00000000a0800000, 0x00000000a0800000|100%| E|CS|TAMS 0x00000000a0700000, 0x00000000a0700000| Complete 
| 520|0x00000000a0800000, 0x00000000a0900000, 0x00000000a0900000|100%| E|CS|TAMS 0x00000000a0800000, 0x00000000a0800000| Complete 
| 521|0x00000000a0900000, 0x00000000a0a00000, 0x00000000a0a00000|100%| E|CS|TAMS 0x00000000a0900000, 0x00000000a0900000| Complete 
| 522|0x00000000a0a00000, 0x00000000a0b00000, 0x00000000a0b00000|100%| E|  |TAMS 0x00000000a0a00000, 0x00000000a0a00000| Complete 
| 523|0x00000000a0b00000, 0x00000000a0c00000, 0x00000000a0c00000|100%| E|CS|TAMS 0x00000000a0b00000, 0x00000000a0b00000| Complete 
| 524|0x00000000a0c00000, 0x00000000a0d00000, 0x00000000a0d00000|100%| E|CS|TAMS 0x00000000a0c00000, 0x00000000a0c00000| Complete 
| 525|0x00000000a0d00000, 0x00000000a0e00000, 0x00000000a0e00000|100%| E|CS|TAMS 0x00000000a0d00000, 0x00000000a0d00000| Complete 
| 526|0x00000000a0e00000, 0x00000000a0f00000, 0x00000000a0f00000|100%| E|CS|TAMS 0x00000000a0e00000, 0x00000000a0e00000| Complete 
| 527|0x00000000a0f00000, 0x00000000a1000000, 0x00000000a1000000|100%| E|CS|TAMS 0x00000000a0f00000, 0x00000000a0f00000| Complete 
| 528|0x00000000a1000000, 0x00000000a1100000, 0x00000000a1100000|100%| E|CS|TAMS 0x00000000a1000000, 0x00000000a1000000| Complete 
| 529|0x00000000a1100000, 0x00000000a1200000, 0x00000000a1200000|100%| E|CS|TAMS 0x00000000a1100000, 0x00000000a1100000| Complete 
| 530|0x00000000a1200000, 0x00000000a1300000, 0x00000000a1300000|100%| E|CS|TAMS 0x00000000a1200000, 0x00000000a1200000| Complete 
| 531|0x00000000a1300000, 0x00000000a1400000, 0x00000000a1400000|100%| E|CS|TAMS 0x00000000a1300000, 0x00000000a1300000| Complete 
| 532|0x00000000a1400000, 0x00000000a1500000, 0x00000000a1500000|100%| E|CS|TAMS 0x00000000a1400000, 0x00000000a1400000| Complete 
| 533|0x00000000a1500000, 0x00000000a1600000, 0x00000000a1600000|100%| E|CS|TAMS 0x00000000a1500000, 0x00000000a1500000| Complete 
| 534|0x00000000a1600000, 0x00000000a1700000, 0x00000000a1700000|100%| E|CS|TAMS 0x00000000a1600000, 0x00000000a1600000| Complete 
| 535|0x00000000a1700000, 0x00000000a1800000, 0x00000000a1800000|100%| E|CS|TAMS 0x00000000a1700000, 0x00000000a1700000| Complete 
| 536|0x00000000a1800000, 0x00000000a1900000, 0x00000000a1900000|100%| E|CS|TAMS 0x00000000a1800000, 0x00000000a1800000| Complete 
| 537|0x00000000a1900000, 0x00000000a1a00000, 0x00000000a1a00000|100%| E|CS|TAMS 0x00000000a1900000, 0x00000000a1900000| Complete 
| 538|0x00000000a1a00000, 0x00000000a1b00000, 0x00000000a1b00000|100%| E|CS|TAMS 0x00000000a1a00000, 0x00000000a1a00000| Complete 
| 539|0x00000000a1b00000, 0x00000000a1c00000, 0x00000000a1c00000|100%| E|CS|TAMS 0x00000000a1b00000, 0x00000000a1b00000| Complete 
| 540|0x00000000a1c00000, 0x00000000a1d00000, 0x00000000a1d00000|100%| E|CS|TAMS 0x00000000a1c00000, 0x00000000a1c00000| Complete 
| 541|0x00000000a1d00000, 0x00000000a1e00000, 0x00000000a1e00000|100%| E|CS|TAMS 0x00000000a1d00000, 0x00000000a1d00000| Complete 
| 542|0x00000000a1e00000, 0x00000000a1f00000, 0x00000000a1f00000|100%| E|CS|TAMS 0x00000000a1e00000, 0x00000000a1e00000| Complete 
| 543|0x00000000a1f00000, 0x00000000a2000000, 0x00000000a2000000|100%| E|CS|TAMS 0x00000000a1f00000, 0x00000000a1f00000| Complete 
| 544|0x00000000a2000000, 0x00000000a2100000, 0x00000000a2100000|100%| E|CS|TAMS 0x00000000a2000000, 0x00000000a2000000| Complete 
| 545|0x00000000a2100000, 0x00000000a2200000, 0x00000000a2200000|100%| E|CS|TAMS 0x00000000a2100000, 0x00000000a2100000| Complete 
| 546|0x00000000a2200000, 0x00000000a2300000, 0x00000000a2300000|100%| E|CS|TAMS 0x00000000a2200000, 0x00000000a2200000| Complete 
| 547|0x00000000a2300000, 0x00000000a2400000, 0x00000000a2400000|100%| E|CS|TAMS 0x00000000a2300000, 0x00000000a2300000| Complete 
| 548|0x00000000a2400000, 0x00000000a2500000, 0x00000000a2500000|100%| E|CS|TAMS 0x00000000a2400000, 0x00000000a2400000| Complete 
| 549|0x00000000a2500000, 0x00000000a2600000, 0x00000000a2600000|100%| E|CS|TAMS 0x00000000a2500000, 0x00000000a2500000| Complete 
| 550|0x00000000a2600000, 0x00000000a2700000, 0x00000000a2700000|100%| E|CS|TAMS 0x00000000a2600000, 0x00000000a2600000| Complete 
| 551|0x00000000a2700000, 0x00000000a2800000, 0x00000000a2800000|100%| E|CS|TAMS 0x00000000a2700000, 0x00000000a2700000| Complete 
| 552|0x00000000a2800000, 0x00000000a2900000, 0x00000000a2900000|100%| E|CS|TAMS 0x00000000a2800000, 0x00000000a2800000| Complete 
| 553|0x00000000a2900000, 0x00000000a2a00000, 0x00000000a2a00000|100%| E|CS|TAMS 0x00000000a2900000, 0x00000000a2900000| Complete 
| 554|0x00000000a2a00000, 0x00000000a2b00000, 0x00000000a2b00000|100%| E|CS|TAMS 0x00000000a2a00000, 0x00000000a2a00000| Complete 
| 555|0x00000000a2b00000, 0x00000000a2c00000, 0x00000000a2c00000|100%| E|CS|TAMS 0x00000000a2b00000, 0x00000000a2b00000| Complete 
| 556|0x00000000a2c00000, 0x00000000a2d00000, 0x00000000a2d00000|100%| E|CS|TAMS 0x00000000a2c00000, 0x00000000a2c00000| Complete 
| 557|0x00000000a2d00000, 0x00000000a2e00000, 0x00000000a2e00000|100%| E|CS|TAMS 0x00000000a2d00000, 0x00000000a2d00000| Complete 
| 558|0x00000000a2e00000, 0x00000000a2f00000, 0x00000000a2f00000|100%| E|CS|TAMS 0x00000000a2e00000, 0x00000000a2e00000| Complete 
| 559|0x00000000a2f00000, 0x00000000a3000000, 0x00000000a3000000|100%| E|CS|TAMS 0x00000000a2f00000, 0x00000000a2f00000| Complete 
| 560|0x00000000a3000000, 0x00000000a3100000, 0x00000000a3100000|100%| E|CS|TAMS 0x00000000a3000000, 0x00000000a3000000| Complete 
| 561|0x00000000a3100000, 0x00000000a3200000, 0x00000000a3200000|100%| E|CS|TAMS 0x00000000a3100000, 0x00000000a3100000| Complete 
| 562|0x00000000a3200000, 0x00000000a3300000, 0x00000000a3300000|100%| E|CS|TAMS 0x00000000a3200000, 0x00000000a3200000| Complete 
| 563|0x00000000a3300000, 0x00000000a3400000, 0x00000000a3400000|100%| E|CS|TAMS 0x00000000a3300000, 0x00000000a3300000| Complete 
| 564|0x00000000a3400000, 0x00000000a3500000, 0x00000000a3500000|100%| E|CS|TAMS 0x00000000a3400000, 0x00000000a3400000| Complete 
| 565|0x00000000a3500000, 0x00000000a3600000, 0x00000000a3600000|100%| E|CS|TAMS 0x00000000a3500000, 0x00000000a3500000| Complete 
| 566|0x00000000a3600000, 0x00000000a3700000, 0x00000000a3700000|100%| E|CS|TAMS 0x00000000a3600000, 0x00000000a3600000| Complete 
| 567|0x00000000a3700000, 0x00000000a3800000, 0x00000000a3800000|100%| E|CS|TAMS 0x00000000a3700000, 0x00000000a3700000| Complete 
| 568|0x00000000a3800000, 0x00000000a3900000, 0x00000000a3900000|100%| E|CS|TAMS 0x00000000a3800000, 0x00000000a3800000| Complete 
| 569|0x00000000a3900000, 0x00000000a3a00000, 0x00000000a3a00000|100%| E|CS|TAMS 0x00000000a3900000, 0x00000000a3900000| Complete 
| 570|0x00000000a3a00000, 0x00000000a3b00000, 0x00000000a3b00000|100%| E|CS|TAMS 0x00000000a3a00000, 0x00000000a3a00000| Complete 
| 571|0x00000000a3b00000, 0x00000000a3c00000, 0x00000000a3c00000|100%| E|CS|TAMS 0x00000000a3b00000, 0x00000000a3b00000| Complete 
| 572|0x00000000a3c00000, 0x00000000a3d00000, 0x00000000a3d00000|100%| E|CS|TAMS 0x00000000a3c00000, 0x00000000a3c00000| Complete 
| 573|0x00000000a3d00000, 0x00000000a3e00000, 0x00000000a3e00000|100%| E|CS|TAMS 0x00000000a3d00000, 0x00000000a3d00000| Complete 
| 574|0x00000000a3e00000, 0x00000000a3f00000, 0x00000000a3f00000|100%| E|CS|TAMS 0x00000000a3e00000, 0x00000000a3e00000| Complete 
| 575|0x00000000a3f00000, 0x00000000a4000000, 0x00000000a4000000|100%| E|CS|TAMS 0x00000000a3f00000, 0x00000000a3f00000| Complete 
| 576|0x00000000a4000000, 0x00000000a4100000, 0x00000000a4100000|100%| E|CS|TAMS 0x00000000a4000000, 0x00000000a4000000| Complete 
| 577|0x00000000a4100000, 0x00000000a4200000, 0x00000000a4200000|100%| E|CS|TAMS 0x00000000a4100000, 0x00000000a4100000| Complete 
| 578|0x00000000a4200000, 0x00000000a4300000, 0x00000000a4300000|100%| E|CS|TAMS 0x00000000a4200000, 0x00000000a4200000| Complete 
| 579|0x00000000a4300000, 0x00000000a4400000, 0x00000000a4400000|100%| E|CS|TAMS 0x00000000a4300000, 0x00000000a4300000| Complete 
| 580|0x00000000a4400000, 0x00000000a4500000, 0x00000000a4500000|100%| E|CS|TAMS 0x00000000a4400000, 0x00000000a4400000| Complete 
| 581|0x00000000a4500000, 0x00000000a4600000, 0x00000000a4600000|100%| E|CS|TAMS 0x00000000a4500000, 0x00000000a4500000| Complete 
| 582|0x00000000a4600000, 0x00000000a4700000, 0x00000000a4700000|100%| E|CS|TAMS 0x00000000a4600000, 0x00000000a4600000| Complete 
| 583|0x00000000a4700000, 0x00000000a4800000, 0x00000000a4800000|100%| E|CS|TAMS 0x00000000a4700000, 0x00000000a4700000| Complete 
| 584|0x00000000a4800000, 0x00000000a4900000, 0x00000000a4900000|100%| E|CS|TAMS 0x00000000a4800000, 0x00000000a4800000| Complete 
| 585|0x00000000a4900000, 0x00000000a4a00000, 0x00000000a4a00000|100%| E|CS|TAMS 0x00000000a4900000, 0x00000000a4900000| Complete 
| 586|0x00000000a4a00000, 0x00000000a4b00000, 0x00000000a4b00000|100%| E|CS|TAMS 0x00000000a4a00000, 0x00000000a4a00000| Complete 
| 587|0x00000000a4b00000, 0x00000000a4c00000, 0x00000000a4c00000|100%| E|CS|TAMS 0x00000000a4b00000, 0x00000000a4b00000| Complete 
| 588|0x00000000a4c00000, 0x00000000a4d00000, 0x00000000a4d00000|100%| E|CS|TAMS 0x00000000a4c00000, 0x00000000a4c00000| Complete 
| 589|0x00000000a4d00000, 0x00000000a4e00000, 0x00000000a4e00000|100%| E|CS|TAMS 0x00000000a4d00000, 0x00000000a4d00000| Complete 
| 590|0x00000000a4e00000, 0x00000000a4f00000, 0x00000000a4f00000|100%| E|CS|TAMS 0x00000000a4e00000, 0x00000000a4e00000| Complete 
| 591|0x00000000a4f00000, 0x00000000a5000000, 0x00000000a5000000|100%| E|CS|TAMS 0x00000000a4f00000, 0x00000000a4f00000| Complete 
| 592|0x00000000a5000000, 0x00000000a5100000, 0x00000000a5100000|100%| E|CS|TAMS 0x00000000a5000000, 0x00000000a5000000| Complete 
| 593|0x00000000a5100000, 0x00000000a5200000, 0x00000000a5200000|100%| E|CS|TAMS 0x00000000a5100000, 0x00000000a5100000| Complete 
| 594|0x00000000a5200000, 0x00000000a5300000, 0x00000000a5300000|100%| E|CS|TAMS 0x00000000a5200000, 0x00000000a5200000| Complete 
| 595|0x00000000a5300000, 0x00000000a5400000, 0x00000000a5400000|100%| E|CS|TAMS 0x00000000a5300000, 0x00000000a5300000| Complete 
| 596|0x00000000a5400000, 0x00000000a5500000, 0x00000000a5500000|100%| E|CS|TAMS 0x00000000a5400000, 0x00000000a5400000| Complete 
| 597|0x00000000a5500000, 0x00000000a5600000, 0x00000000a5600000|100%| E|CS|TAMS 0x00000000a5500000, 0x00000000a5500000| Complete 
| 598|0x00000000a5600000, 0x00000000a5700000, 0x00000000a5700000|100%| E|CS|TAMS 0x00000000a5600000, 0x00000000a5600000| Complete 
| 599|0x00000000a5700000, 0x00000000a5800000, 0x00000000a5800000|100%| E|CS|TAMS 0x00000000a5700000, 0x00000000a5700000| Complete 
| 600|0x00000000a5800000, 0x00000000a5900000, 0x00000000a5900000|100%| E|CS|TAMS 0x00000000a5800000, 0x00000000a5800000| Complete 
| 601|0x00000000a5900000, 0x00000000a5a00000, 0x00000000a5a00000|100%| E|CS|TAMS 0x00000000a5900000, 0x00000000a5900000| Complete 

Card table byte_map: [0x0000018ee8340000,0x0000018ee8740000] _byte_map_base: 0x0000018ee7f40000

Marking Bits (Prev, Next): (CMBitMap*) 0x0000018ed0ee0a30, (CMBitMap*) 0x0000018ed0ee09f0
 Prev Bits: [0x0000018eeab40000, 0x0000018eecb40000)
 Next Bits: [0x0000018ee8b40000, 0x0000018eeab40000)

Polling page: 0x0000018ed0630000

Metaspace:

Usage:
  Non-class:    132.52 MB used.
      Class:     21.13 MB used.
       Both:    153.65 MB used.

Virtual space:
  Non-class space:      192.00 MB reserved,     133.69 MB ( 70%) committed,  3 nodes.
      Class space:      416.00 MB reserved,      22.25 MB (  5%) committed,  1 nodes.
             Both:      608.00 MB reserved,     155.94 MB ( 26%) committed. 

Chunk freelists:
   Non-Class:  10.26 MB
       Class:  9.62 MB
        Both:  19.88 MB

MaxMetaspaceSize: 512.00 MB
CompressedClassSpaceSize: 416.00 MB
Initial GC threshold: 21.00 MB
Current GC threshold: 251.06 MB
CDS: on
MetaspaceReclaimPolicy: balanced
 - commit_granule_bytes: 65536.
 - commit_granule_words: 8192.
 - virtual_space_node_default_size: 8388608.
 - enlarge_chunks_in_place: 1.
 - new_chunks_are_fully_committed: 0.
 - uncommit_free_chunks: 1.
 - use_allocation_guard: 0.
 - handle_deallocations: 1.


Internal statistics:

num_allocs_failed_limit: 15.
num_arena_births: 3538.
num_arena_deaths: 20.
num_vsnodes_births: 4.
num_vsnodes_deaths: 0.
num_space_committed: 2498.
num_space_uncommitted: 4.
num_chunks_returned_to_freelist: 79.
num_chunks_taken_from_freelist: 11231.
num_chunk_merges: 31.
num_chunk_splits: 7008.
num_chunks_enlarged: 4088.
num_inconsistent_stats: 0.

CodeHeap 'non-profiled nmethods': size=120000Kb used=20630Kb max_used=20630Kb free=99369Kb
 bounds [0x0000018ee04c0000, 0x0000018ee18f0000, 0x0000018ee79f0000]
CodeHeap 'profiled nmethods': size=120000Kb used=48914Kb max_used=50738Kb free=71085Kb
 bounds [0x0000018ed89f0000, 0x0000018edbb80000, 0x0000018edff20000]
CodeHeap 'non-nmethods': size=5760Kb used=2550Kb max_used=2654Kb free=3209Kb
 bounds [0x0000018edff20000, 0x0000018ee01c0000, 0x0000018ee04c0000]
 total_blobs=24748 nmethods=23639 adapters=1019
 compilation: enabled
              stopped_count=0, restarted_count=0
 full_count=0

Compilation events (20 events):
Event: 113.293 Thread 0x0000018ef93e1f30 nmethod 30423 0x0000018ee18be090 code [0x0000018ee18be380, 0x0000018ee18c3b58]
Event: 113.293 Thread 0x0000018ef93e1f30 30442       4       com.android.tools.r8.internal.wB::a (694 bytes)
Event: 113.316 Thread 0x0000018eef886750 30456       2       com.android.tools.r8.internal.lp::<init> (42 bytes)
Event: 113.316 Thread 0x0000018eef886750 nmethod 30456 0x0000018edb6a0210 code [0x0000018edb6a03a0, 0x0000018edb6a04b8]
Event: 113.316 Thread 0x0000018eef886750 30457       3       com.android.tools.r8.internal.Ag$$Lambda$3703/0x0000018e8243f150::apply (24 bytes)
Event: 113.316 Thread 0x0000018eef886750 nmethod 30457 0x0000018edb21ec90 code [0x0000018edb21ee40, 0x0000018edb21f1a8]
Event: 113.328 Thread 0x0000018eef886750 30460       3       com.android.tools.r8.graph.P0$d::<init> (25 bytes)
Event: 113.328 Thread 0x0000018eef886750 nmethod 30460 0x0000018edb723d10 code [0x0000018edb723ec0, 0x0000018edb7241f8]
Event: 113.355 Thread 0x0000018eef886750 30463       2       com.android.tools.r8.internal.wA::get (24 bytes)
Event: 113.356 Thread 0x0000018eef886750 nmethod 30463 0x0000018edb74bb90 code [0x0000018edb74bd40, 0x0000018edb74bf58]
Event: 113.400 Thread 0x0000018eef886750 30465       2       com.android.tools.r8.internal.vt0::<init> (6 bytes)
Event: 113.400 Thread 0x0000018eef886750 nmethod 30465 0x0000018edb6a5210 code [0x0000018edb6a53c0, 0x0000018edb6a54e8]
Event: 113.406 Thread 0x0000018ef93e6ee0 nmethod 30425 0x0000018ee18c5490 code [0x0000018ee18c5e00, 0x0000018ee18cb420]
Event: 113.406 Thread 0x0000018ef93e6ee0 30461       4       com.android.tools.r8.ir.optimize.f0::a (114 bytes)
Event: 113.434 Thread 0x0000018ef93e6ee0 nmethod 30461 0x0000018ee18d1310 code [0x0000018ee18d1560, 0x0000018ee18d2468]
Event: 113.434 Thread 0x0000018ef93e6ee0 30462       4       com.android.tools.r8.ir.optimize.f0::a (723 bytes)
Event: 113.498 Thread 0x0000018eef886750 30469       2       com.android.tools.r8.internal.rT::e (117 bytes)
Event: 113.499 Thread 0x0000018eef886750 nmethod 30469 0x0000018edb298810 code [0x0000018edb298a20, 0x0000018edb298f08]
Event: 113.502 Thread 0x0000018ef93e1f30 nmethod 30442 0x0000018ee18d3210 code [0x0000018ee18d3520, 0x0000018ee18d71e0]
Event: 113.502 Thread 0x0000018ef93e1f30 30458       4       com.android.tools.r8.internal.uy0::a (616 bytes)

GC Heap History (20 events):
Event: 99.927 GC heap before
{Heap before GC invocations=125 (full 0):
 garbage-first heap   total 411648K, used 373927K [0x0000000080000000, 0x0000000100000000)
  region size 1024K, 20 young (20480K), 3 survivors (3072K)
 Metaspace       used 136720K, committed 138944K, reserved 557056K
  class space    used 18588K, committed 19648K, reserved 425984K
}
Event: 99.932 GC heap after
{Heap after GC invocations=126 (full 0):
 garbage-first heap   total 479232K, used 360339K [0x0000000080000000, 0x0000000100000000)
  region size 1024K, 3 young (3072K), 3 survivors (3072K)
 Metaspace       used 136720K, committed 138944K, reserved 557056K
  class space    used 18588K, committed 19648K, reserved 425984K
}
Event: 100.597 GC heap before
{Heap before GC invocations=126 (full 0):
 garbage-first heap   total 479232K, used 409491K [0x0000000080000000, 0x0000000100000000)
  region size 1024K, 53 young (54272K), 3 survivors (3072K)
 Metaspace       used 140202K, committed 142400K, reserved 557056K
  class space    used 19108K, committed 20160K, reserved 425984K
}
Event: 100.603 GC heap after
{Heap after GC invocations=127 (full 0):
 garbage-first heap   total 479232K, used 363768K [0x0000000080000000, 0x0000000100000000)
  region size 1024K, 7 young (7168K), 7 survivors (7168K)
 Metaspace       used 140202K, committed 142400K, reserved 557056K
  class space    used 19108K, committed 20160K, reserved 425984K
}
Event: 101.409 GC heap before
{Heap before GC invocations=128 (full 0):
 garbage-first heap   total 616448K, used 400632K [0x0000000080000000, 0x0000000100000000)
  region size 1024K, 46 young (47104K), 7 survivors (7168K)
 Metaspace       used 142608K, committed 144768K, reserved 557056K
  class space    used 19615K, committed 20672K, reserved 425984K
}
Event: 101.416 GC heap after
{Heap after GC invocations=129 (full 0):
 garbage-first heap   total 616448K, used 365365K [0x0000000080000000, 0x0000000100000000)
  region size 1024K, 4 young (4096K), 4 survivors (4096K)
 Metaspace       used 142608K, committed 144768K, reserved 557056K
  class space    used 19615K, committed 20672K, reserved 425984K
}
Event: 101.730 GC heap before
{Heap before GC invocations=129 (full 0):
 garbage-first heap   total 616448K, used 390965K [0x0000000080000000, 0x0000000100000000)
  region size 1024K, 30 young (30720K), 4 survivors (4096K)
 Metaspace       used 144522K, committed 146752K, reserved 557056K
  class space    used 19936K, committed 20992K, reserved 425984K
}
Event: 101.743 GC heap after
{Heap after GC invocations=130 (full 0):
 garbage-first heap   total 616448K, used 322701K [0x0000000080000000, 0x0000000100000000)
  region size 1024K, 3 young (3072K), 3 survivors (3072K)
 Metaspace       used 144522K, committed 146752K, reserved 557056K
  class space    used 19936K, committed 20992K, reserved 425984K
}
Event: 103.649 GC heap before
{Heap before GC invocations=130 (full 0):
 garbage-first heap   total 616448K, used 514189K [0x0000000080000000, 0x0000000100000000)
  region size 1024K, 191 young (195584K), 3 survivors (3072K)
 Metaspace       used 151527K, committed 153856K, reserved 622592K
  class space    used 20864K, committed 21952K, reserved 425984K
}
Event: 103.661 GC heap after
{Heap after GC invocations=131 (full 0):
 garbage-first heap   total 616448K, used 334886K [0x0000000080000000, 0x0000000100000000)
  region size 1024K, 15 young (15360K), 15 survivors (15360K)
 Metaspace       used 151527K, committed 153856K, reserved 622592K
  class space    used 20864K, committed 21952K, reserved 425984K
}
Event: 104.884 GC heap before
{Heap before GC invocations=132 (full 0):
 garbage-first heap   total 616448K, used 505894K [0x0000000080000000, 0x0000000100000000)
  region size 1024K, 183 young (187392K), 15 survivors (15360K)
 Metaspace       used 154233K, committed 156480K, reserved 622592K
  class space    used 21245K, committed 22336K, reserved 425984K
}
Event: 104.895 GC heap after
{Heap after GC invocations=133 (full 0):
 garbage-first heap   total 616448K, used 338454K [0x0000000080000000, 0x0000000100000000)
  region size 1024K, 5 young (5120K), 5 survivors (5120K)
 Metaspace       used 154233K, committed 156480K, reserved 622592K
  class space    used 21245K, committed 22336K, reserved 425984K
}
Event: 105.147 GC heap before
{Heap before GC invocations=133 (full 0):
 garbage-first heap   total 616448K, used 363030K [0x0000000080000000, 0x0000000100000000)
  region size 1024K, 30 young (30720K), 5 survivors (5120K)
 Metaspace       used 155041K, committed 157312K, reserved 622592K
  class space    used 21375K, committed 22464K, reserved 425984K
}
Event: 105.156 GC heap after
{Heap after GC invocations=134 (full 0):
 garbage-first heap   total 616448K, used 334065K [0x0000000080000000, 0x0000000100000000)
  region size 1024K, 2 young (2048K), 2 survivors (2048K)
 Metaspace       used 155041K, committed 157312K, reserved 622592K
  class space    used 21375K, committed 22464K, reserved 425984K
}
Event: 106.703 GC heap before
{Heap before GC invocations=134 (full 0):
 garbage-first heap   total 616448K, used 514289K [0x0000000080000000, 0x0000000100000000)
  region size 1024K, 179 young (183296K), 2 survivors (2048K)
 Metaspace       used 156670K, committed 158976K, reserved 622592K
  class space    used 21591K, committed 22720K, reserved 425984K
}
Event: 106.709 GC heap after
{Heap after GC invocations=135 (full 0):
 garbage-first heap   total 616448K, used 337692K [0x0000000080000000, 0x0000000100000000)
  region size 1024K, 5 young (5120K), 5 survivors (5120K)
 Metaspace       used 156670K, committed 158976K, reserved 622592K
  class space    used 21591K, committed 22720K, reserved 425984K
}
Event: 107.884 GC heap before
{Heap before GC invocations=135 (full 0):
 garbage-first heap   total 616448K, used 520988K [0x0000000080000000, 0x0000000100000000)
  region size 1024K, 185 young (189440K), 5 survivors (5120K)
 Metaspace       used 156907K, committed 159232K, reserved 622592K
  class space    used 21614K, committed 22720K, reserved 425984K
}
Event: 107.888 GC heap after
{Heap after GC invocations=136 (full 0):
 garbage-first heap   total 616448K, used 338204K [0x0000000080000000, 0x0000000100000000)
  region size 1024K, 6 young (6144K), 6 survivors (6144K)
 Metaspace       used 156907K, committed 159232K, reserved 622592K
  class space    used 21614K, committed 22720K, reserved 425984K
}
Event: 110.489 GC heap before
{Heap before GC invocations=136 (full 0):
 garbage-first heap   total 616448K, used 527644K [0x0000000080000000, 0x0000000100000000)
  region size 1024K, 191 young (195584K), 6 survivors (6144K)
 Metaspace       used 157215K, committed 159552K, reserved 622592K
  class space    used 21632K, committed 22720K, reserved 425984K
}
Event: 110.494 GC heap after
{Heap after GC invocations=137 (full 0):
 garbage-first heap   total 616448K, used 340373K [0x0000000080000000, 0x0000000100000000)
  region size 1024K, 8 young (8192K), 8 survivors (8192K)
 Metaspace       used 157215K, committed 159552K, reserved 622592K
  class space    used 21632K, committed 22720K, reserved 425984K
}

Dll operation events (16 events):
Event: 0.014 Loaded shared library C:\Program Files\Microsoft\jdk-17.0.18.8-hotspot\bin\java.dll
Event: 0.030 Loaded shared library C:\Program Files\Microsoft\jdk-17.0.18.8-hotspot\bin\jsvml.dll
Event: 0.082 Loaded shared library C:\Program Files\Microsoft\jdk-17.0.18.8-hotspot\bin\zip.dll
Event: 0.108 Loaded shared library C:\Program Files\Microsoft\jdk-17.0.18.8-hotspot\bin\instrument.dll
Event: 0.120 Loaded shared library C:\Program Files\Microsoft\jdk-17.0.18.8-hotspot\bin\net.dll
Event: 0.123 Loaded shared library C:\Program Files\Microsoft\jdk-17.0.18.8-hotspot\bin\nio.dll
Event: 0.126 Loaded shared library C:\Program Files\Microsoft\jdk-17.0.18.8-hotspot\bin\zip.dll
Event: 0.727 Loaded shared library C:\Program Files\Microsoft\jdk-17.0.18.8-hotspot\bin\jimage.dll
Event: 1.117 Loaded shared library C:\Program Files\Microsoft\jdk-17.0.18.8-hotspot\bin\verify.dll
Event: 1.168 Loaded shared library C:\Users\yashr\.gradle\native\1def1411415f61bf3af743bc5b6707747c0891f09f0c88961ee8f79bc544acac\windows-amd64\native-platform.dll
Event: 1.190 Loaded shared library C:\Users\yashr\.gradle\native\0.2.8\x86_64-windows-gnu\gradle-fileevents.dll
Event: 3.244 Loaded shared library C:\Program Files\Microsoft\jdk-17.0.18.8-hotspot\bin\management.dll
Event: 3.246 Loaded shared library C:\Program Files\Microsoft\jdk-17.0.18.8-hotspot\bin\management_ext.dll
Event: 3.742 Loaded shared library C:\Program Files\Microsoft\jdk-17.0.18.8-hotspot\bin\extnet.dll
Event: 4.135 Loaded shared library C:\Program Files\Microsoft\jdk-17.0.18.8-hotspot\bin\sunmscapi.dll
Event: 102.087 Loaded shared library C:\Program Files\Microsoft\jdk-17.0.18.8-hotspot\bin\rmi.dll

Deoptimization events (20 events):
Event: 113.147 Thread 0x0000018ef53b1d00 DEOPT PACKING pc=0x0000018ee1806174 sp=0x00000047e14f97e0
Event: 113.147 Thread 0x0000018ef53b1d00 DEOPT UNPACKING pc=0x0000018edff769a3 sp=0x00000047e14f97f0 mode 2
Event: 113.147 Thread 0x0000018ef53b1d00 Uncommon trap: trap_request=0xffffffde fr.pc=0x0000018ee1806174 relative=0x00000000000040f4
Event: 113.147 Thread 0x0000018ef53b1d00 Uncommon trap: reason=class_check action=maybe_recompile pc=0x0000018ee1806174 method=com.android.tools.r8.internal.a6.a(Lcom/android/tools/r8/internal/my0;Lcom/android/tools/r8/internal/O70;Lcom/android/tools/r8/internal/WE;Lcom/android/tools/r8/internal
Event: 113.147 Thread 0x0000018ef53b1d00 DEOPT PACKING pc=0x0000018ee1806174 sp=0x00000047e14f97e0
Event: 113.147 Thread 0x0000018ef53b1d00 DEOPT UNPACKING pc=0x0000018edff769a3 sp=0x00000047e14f97f0 mode 2
Event: 113.147 Thread 0x0000018ef53b1d00 Uncommon trap: trap_request=0xffffffde fr.pc=0x0000018ee1806174 relative=0x00000000000040f4
Event: 113.147 Thread 0x0000018ef53b1d00 Uncommon trap: reason=class_check action=maybe_recompile pc=0x0000018ee1806174 method=com.android.tools.r8.internal.a6.a(Lcom/android/tools/r8/internal/my0;Lcom/android/tools/r8/internal/O70;Lcom/android/tools/r8/internal/WE;Lcom/android/tools/r8/internal
Event: 113.147 Thread 0x0000018ef53b1d00 DEOPT PACKING pc=0x0000018ee1806174 sp=0x00000047e14f97e0
Event: 113.147 Thread 0x0000018ef53b1d00 DEOPT UNPACKING pc=0x0000018edff769a3 sp=0x00000047e14f97f0 mode 2
Event: 113.147 Thread 0x0000018ef53b1d00 Uncommon trap: trap_request=0xffffffde fr.pc=0x0000018ee1806174 relative=0x00000000000040f4
Event: 113.147 Thread 0x0000018ef53b1d00 Uncommon trap: reason=class_check action=maybe_recompile pc=0x0000018ee1806174 method=com.android.tools.r8.internal.a6.a(Lcom/android/tools/r8/internal/my0;Lcom/android/tools/r8/internal/O70;Lcom/android/tools/r8/internal/WE;Lcom/android/tools/r8/internal
Event: 113.147 Thread 0x0000018ef53b1d00 DEOPT PACKING pc=0x0000018ee1806174 sp=0x00000047e14f97e0
Event: 113.147 Thread 0x0000018ef53b1d00 DEOPT UNPACKING pc=0x0000018edff769a3 sp=0x00000047e14f97f0 mode 2
Event: 113.265 Thread 0x0000018ef53b1d00 Uncommon trap: trap_request=0xffffff6e fr.pc=0x0000018ee170f708 relative=0x0000000000006048
Event: 113.265 Thread 0x0000018ef53b1d00 Uncommon trap: reason=loop_limit_check action=maybe_recompile pc=0x0000018ee170f708 method=com.android.tools.r8.internal.L9.a(Lcom/android/tools/r8/internal/Y9;)Z @ 35 c2
Event: 113.266 Thread 0x0000018ef53b1d00 DEOPT PACKING pc=0x0000018ee170f708 sp=0x00000047e14f9e40
Event: 113.266 Thread 0x0000018ef53b1d00 DEOPT UNPACKING pc=0x0000018edff769a3 sp=0x00000047e14f9de0 mode 2
Event: 113.268 Thread 0x0000018ef53b1d00 DEOPT PACKING pc=0x0000018edb3ae08b sp=0x00000047e14f9740
Event: 113.268 Thread 0x0000018ef53b1d00 DEOPT UNPACKING pc=0x0000018edff77143 sp=0x00000047e14f8c50 mode 0

Classes loaded (20 events):
Event: 102.560 Loading class sun/rmi/transport/DGCImpl$LeaseInfo
Event: 102.560 Loading class sun/rmi/transport/DGCImpl$LeaseInfo done
Event: 102.560 Loading class sun/rmi/transport/DGCImpl$1
Event: 102.560 Loading class sun/rmi/transport/DGCImpl$1 done
Event: 102.560 Loading class sun/rmi/transport/SequenceEntry
Event: 102.560 Loading class sun/rmi/transport/SequenceEntry done
Event: 104.626 Loading class jdk/internal/reflect/UnsafeQualifiedBooleanFieldAccessorImpl
Event: 104.627 Loading class jdk/internal/reflect/UnsafeQualifiedBooleanFieldAccessorImpl done
Event: 105.441 Loading class jdk/internal/reflect/UnsafeByteFieldAccessorImpl
Event: 105.441 Loading class jdk/internal/reflect/UnsafeByteFieldAccessorImpl done
Event: 105.456 Loading class java/nio/ShortBuffer
Event: 105.457 Loading class java/nio/ShortBuffer done
Event: 105.546 Loading class java/nio/ByteBufferAsShortBufferL
Event: 105.546 Loading class java/nio/ByteBufferAsShortBufferL done
Event: 105.642 Loading class java/util/zip/Adler32
Event: 105.643 Loading class java/util/zip/Adler32 done
Event: 106.316 Loading class java/util/concurrent/ConcurrentHashMap$TreeNode
Event: 106.316 Loading class java/util/concurrent/ConcurrentHashMap$TreeNode done
Event: 106.316 Loading class java/util/concurrent/ConcurrentHashMap$TreeBin
Event: 106.317 Loading class java/util/concurrent/ConcurrentHashMap$TreeBin done

Classes unloaded (20 events):
Event: 100.777 Thread 0x0000018eef170500 Unloading class 0x0000018e82211b50 'jdk/internal/jimage/ImageReader$SharedImageReader'
Event: 100.777 Thread 0x0000018eef170500 Unloading class 0x0000018e82211890 'jdk/internal/jimage/BasicImageReader'
Event: 100.777 Thread 0x0000018eef170500 Unloading class 0x0000018e82211670 'jdk/internal/jimage/ImageReader'
Event: 100.777 Thread 0x0000018eef170500 Unloading class 0x0000018e82211448 'jdk/internal/jrtfs/SystemImage$2'
Event: 100.777 Thread 0x0000018eef170500 Unloading class 0x0000018e82211230 'jdk/internal/jrtfs/SystemImage$$Lambda$2720+0x0000018e82211230'
Event: 100.777 Thread 0x0000018eef170500 Unloading class 0x0000018e82211000 'jdk/internal/jrtfs/ExplodedImage'
Event: 100.777 Thread 0x0000018eef170500 Unloading class 0x0000018e82210dc8 'jdk/internal/jrtfs/SystemImage$1'
Event: 100.777 Thread 0x0000018eef170500 Unloading class 0x0000018e82210bb0 'jdk/internal/jrtfs/SystemImage'
Event: 100.777 Thread 0x0000018eef170500 Unloading class 0x0000018e82210950 'jdk/internal/jrtfs/JrtFileStore'
Event: 100.777 Thread 0x0000018eef170500 Unloading class 0x0000018e822105d8 'jdk/internal/jrtfs/JrtPath'
Event: 100.777 Thread 0x0000018eef170500 Unloading class 0x0000018e822102e0 'jdk/internal/jrtfs/JrtFileSystem'
Event: 100.777 Thread 0x0000018eef170500 Unloading class 0x0000018e82210000 'jdk/internal/jrtfs/JrtFileSystemProvider'
Event: 103.892 Thread 0x0000018eef170500 Unloading class 0x0000018e82414c00 'java/lang/invoke/LambdaForm$DMH+0x0000018e82414c00'
Event: 103.892 Thread 0x0000018eef170500 Unloading class 0x0000018e82414400 'java/lang/invoke/LambdaForm$DMH+0x0000018e82414400'
Event: 103.892 Thread 0x0000018eef170500 Unloading class 0x0000018e82414800 'java/lang/invoke/LambdaForm$DMH+0x0000018e82414800'
Event: 103.892 Thread 0x0000018eef170500 Unloading class 0x0000018e823d8800 'java/lang/invoke/LambdaForm$DMH+0x0000018e823d8800'
Event: 103.892 Thread 0x0000018eef170500 Unloading class 0x0000018e823d8400 'java/lang/invoke/LambdaForm$DMH+0x0000018e823d8400'
Event: 103.892 Thread 0x0000018eef170500 Unloading class 0x0000018e82364c00 'java/lang/invoke/LambdaForm$DMH+0x0000018e82364c00'
Event: 103.892 Thread 0x0000018eef170500 Unloading class 0x0000018e82364800 'java/lang/invoke/LambdaForm$DMH+0x0000018e82364800'
Event: 103.892 Thread 0x0000018eef170500 Unloading class 0x0000018e82364000 'java/lang/invoke/LambdaForm$DMH+0x0000018e82364000'

Classes redefined (0 events):
No events

Internal exceptions (20 events):
Event: 111.429 Thread 0x0000018ef53ae550 Exception <a 'sun/nio/fs/WindowsException'{0x00000000a19fcfe0}> (0x00000000a19fcfe0) 
thrown [s\src\hotspot\share\prims\jni.cpp, line 516]
Event: 111.431 Thread 0x0000018ef53ae550 Exception <a 'sun/nio/fs/WindowsException'{0x00000000a1547748}> (0x00000000a1547748) 
thrown [s\src\hotspot\share\prims\jni.cpp, line 516]
Event: 111.433 Thread 0x0000018ef53ae550 Exception <a 'sun/nio/fs/WindowsException'{0x00000000a1551598}> (0x00000000a1551598) 
thrown [s\src\hotspot\share\prims\jni.cpp, line 516]
Event: 111.438 Thread 0x0000018ef53ae550 Exception <a 'sun/nio/fs/WindowsException'{0x00000000a1558ab0}> (0x00000000a1558ab0) 
thrown [s\src\hotspot\share\prims\jni.cpp, line 516]
Event: 111.440 Thread 0x0000018ef53ae550 Exception <a 'sun/nio/fs/WindowsException'{0x00000000a155fc90}> (0x00000000a155fc90) 
thrown [s\src\hotspot\share\prims\jni.cpp, line 516]
Event: 111.443 Thread 0x0000018ef53ae550 Exception <a 'sun/nio/fs/WindowsException'{0x00000000a1569ec8}> (0x00000000a1569ec8) 
thrown [s\src\hotspot\share\prims\jni.cpp, line 516]
Event: 111.445 Thread 0x0000018ef53ae550 Exception <a 'sun/nio/fs/WindowsException'{0x00000000a1570898}> (0x00000000a1570898) 
thrown [s\src\hotspot\share\prims\jni.cpp, line 516]
Event: 111.513 Thread 0x0000018ef53ae550 Exception <a 'sun/nio/fs/WindowsException'{0x00000000a1578318}> (0x00000000a1578318) 
thrown [s\src\hotspot\share\prims\jni.cpp, line 516]
Event: 111.516 Thread 0x0000018ef53ae550 Exception <a 'sun/nio/fs/WindowsException'{0x00000000a1085228}> (0x00000000a1085228) 
thrown [s\src\hotspot\share\prims\jni.cpp, line 516]
Event: 111.518 Thread 0x0000018ef53ae550 Exception <a 'sun/nio/fs/WindowsException'{0x00000000a10cc870}> (0x00000000a10cc870) 
thrown [s\src\hotspot\share\prims\jni.cpp, line 516]
Event: 111.520 Thread 0x0000018ef53ae550 Exception <a 'sun/nio/fs/WindowsException'{0x00000000a10d3db0}> (0x00000000a10d3db0) 
thrown [s\src\hotspot\share\prims\jni.cpp, line 516]
Event: 111.523 Thread 0x0000018ef53ae550 Exception <a 'sun/nio/fs/WindowsException'{0x00000000a10e5c90}> (0x00000000a10e5c90) 
thrown [s\src\hotspot\share\prims\jni.cpp, line 516]
Event: 111.525 Thread 0x0000018ef53ae550 Exception <a 'sun/nio/fs/WindowsException'{0x00000000a10f0e30}> (0x00000000a10f0e30) 
thrown [s\src\hotspot\share\prims\jni.cpp, line 516]
Event: 111.527 Thread 0x0000018ef53ae550 Exception <a 'sun/nio/fs/WindowsException'{0x00000000a10f7d20}> (0x00000000a10f7d20) 
thrown [s\src\hotspot\share\prims\jni.cpp, line 516]
Event: 111.556 Thread 0x0000018ef53ae550 Exception <a 'sun/nio/fs/WindowsException'{0x00000000a10ff1c0}> (0x00000000a10ff1c0) 
thrown [s\src\hotspot\share\prims\jni.cpp, line 516]
Event: 111.560 Thread 0x0000018ef53ae550 Exception <a 'sun/nio/fs/WindowsException'{0x00000000a0b4e8f8}> (0x00000000a0b4e8f8) 
thrown [s\src\hotspot\share\prims\jni.cpp, line 516]
Event: 111.562 Thread 0x0000018ef53ae550 Exception <a 'sun/nio/fs/WindowsException'{0x00000000a0b56010}> (0x00000000a0b56010) 
thrown [s\src\hotspot\share\prims\jni.cpp, line 516]
Event: 111.564 Thread 0x0000018ef53ae550 Exception <a 'sun/nio/fs/WindowsException'{0x00000000a0b616d8}> (0x00000000a0b616d8) 
thrown [s\src\hotspot\share\prims\jni.cpp, line 516]
Event: 111.567 Thread 0x0000018ef53ae550 Exception <a 'sun/nio/fs/WindowsException'{0x00000000a0b6fea8}> (0x00000000a0b6fea8) 
thrown [s\src\hotspot\share\prims\jni.cpp, line 516]
Event: 111.569 Thread 0x0000018ef53ae550 Exception <a 'sun/nio/fs/WindowsException'{0x00000000a0b7b8c8}> (0x00000000a0b7b8c8) 
thrown [s\src\hotspot\share\prims\jni.cpp, line 516]

VM Operations (20 events):
Event: 107.882 Executing VM operation: G1CollectForAllocation
Event: 107.888 Executing VM operation: G1CollectForAllocation done
Event: 108.057 Executing VM operation: ICBufferFull
Event: 108.058 Executing VM operation: ICBufferFull done
Event: 108.531 Executing VM operation: ICBufferFull
Event: 108.531 Executing VM operation: ICBufferFull done
Event: 110.283 Executing VM operation: ICBufferFull
Event: 110.284 Executing VM operation: ICBufferFull done
Event: 110.401 Executing VM operation: HandshakeAllThreads
Event: 110.401 Executing VM operation: HandshakeAllThreads done
Event: 110.485 Executing VM operation: G1CollectForAllocation
Event: 110.494 Executing VM operation: G1CollectForAllocation done
Event: 111.027 Executing VM operation: HandshakeAllThreads
Event: 111.028 Executing VM operation: HandshakeAllThreads done
Event: 111.088 Executing VM operation: HandshakeAllThreads
Event: 111.111 Executing VM operation: HandshakeAllThreads done
Event: 112.111 Executing VM operation: Cleanup
Event: 112.123 Executing VM operation: Cleanup done
Event: 113.123 Executing VM operation: Cleanup
Event: 113.139 Executing VM operation: Cleanup done

Memory protections (0 events):
No events

Nmethod flushes (20 events):
Event: 111.149 Thread 0x0000018eef887080 flushing  nmethod 0x0000018edb967010
Event: 111.149 Thread 0x0000018eef887080 flushing  nmethod 0x0000018edb967a10
Event: 111.149 Thread 0x0000018eef887080 flushing  nmethod 0x0000018edb968490
Event: 111.149 Thread 0x0000018eef887080 flushing  nmethod 0x0000018edb968810
Event: 111.149 Thread 0x0000018eef887080 flushing  nmethod 0x0000018edb987310
Event: 111.149 Thread 0x0000018eef887080 flushing  nmethod 0x0000018edb98e290
Event: 111.150 Thread 0x0000018eef887080 flushing  nmethod 0x0000018edba1ef10
Event: 111.150 Thread 0x0000018eef887080 flushing  nmethod 0x0000018edba1f390
Event: 111.150 Thread 0x0000018eef887080 flushing  nmethod 0x0000018edba23190
Event: 111.150 Thread 0x0000018eef887080 flushing  nmethod 0x0000018edba23610
Event: 111.150 Thread 0x0000018eef887080 flushing  nmethod 0x0000018edba24d90
Event: 111.150 Thread 0x0000018eef887080 flushing  nmethod 0x0000018edba27910
Event: 111.150 Thread 0x0000018eef887080 flushing  nmethod 0x0000018edba2fa10
Event: 111.150 Thread 0x0000018eef887080 flushing  nmethod 0x0000018edba2fe10
Event: 111.150 Thread 0x0000018eef887080 flushing  nmethod 0x0000018edba31590
Event: 111.150 Thread 0x0000018eef887080 flushing  nmethod 0x0000018edba31910
Event: 111.150 Thread 0x0000018eef887080 flushing  nmethod 0x0000018edba31c90
Event: 111.150 Thread 0x0000018eef887080 flushing  nmethod 0x0000018edba32110
Event: 111.150 Thread 0x0000018eef887080 flushing  nmethod 0x0000018edba33d90
Event: 111.150 Thread 0x0000018eef887080 flushing  nmethod 0x0000018edba91a10

Events (20 events):
Event: 96.025 Thread 0x0000018eef886750 Thread added: 0x0000018ef93e5450
Event: 97.168 Thread 0x0000018ef53af480 Thread added: 0x0000018ea1e85fb0
Event: 97.377 Thread 0x0000018ef53af480 Thread added: 0x0000018ea1e84660
Event: 98.066 Thread 0x0000018ef53b12e0 Thread added: 0x0000018ea1e89250
Event: 98.087 Thread 0x0000018ef53b1d00 Thread added: 0x0000018ea1e86ee0
Event: 98.369 Thread 0x0000018ef93e5450 Thread exited: 0x0000018ef93e5450
Event: 99.727 Thread 0x0000018ef53af990 Thread added: 0x0000018ea1e88830
Event: 99.895 Thread 0x0000018eef886750 Thread added: 0x0000018ef93e6440
Event: 100.159 Thread 0x0000018ef93e6440 Thread exited: 0x0000018ef93e6440
Event: 100.809 Thread 0x0000018ef93e0f40 Thread exited: 0x0000018ef93e0f40
Event: 101.316 Thread 0x0000018eef886750 Thread added: 0x0000018ef93e1f30
Event: 101.317 Thread 0x0000018eef886750 Thread added: 0x0000018ef93e6ee0
Event: 101.686 Thread 0x0000018ef53b03b0 Thread added: 0x0000018ea1e83c40
Event: 101.698 Thread 0x0000018ef53af990 Thread added: 0x0000018ea1e8aba0
Event: 102.020 Thread 0x0000018ea1e84660 Thread added: 0x0000018ea1e8b5c0
Event: 102.045 Thread 0x0000018ea1e84660 Thread added: 0x0000018ea1e8a690
Event: 102.109 Thread 0x0000018ea1e84660 Thread added: 0x0000018ea1e8bfe0
Event: 102.370 Thread 0x0000018ea1e84660 Thread added: 0x0000018ea1e89c70
Event: 102.371 Thread 0x0000018ea1e84660 Thread added: 0x0000018ea1e8c4f0
Event: 102.466 Thread 0x0000018ea1e89c70 Thread added: 0x0000018ea1e8a180


Dynamic libraries:
0x00007ff7968d0000 - 0x00007ff7968de000 	C:\Program Files\Microsoft\jdk-17.0.18.8-hotspot\bin\java.exe
0x00007ff874560000 - 0x00007ff8747c7000 	C:\WINDOWS\SYSTEM32\ntdll.dll
0x00007ff872a20000 - 0x00007ff872ae9000 	C:\WINDOWS\System32\KERNEL32.DLL
0x00007ff871ef0000 - 0x00007ff8722e4000 	C:\WINDOWS\System32\KERNELBASE.dll
0x00007ff871060000 - 0x00007ff8711ab000 	C:\WINDOWS\System32\ucrtbase.dll
0x00007ff841fa0000 - 0x00007ff841fb8000 	C:\Program Files\Microsoft\jdk-17.0.18.8-hotspot\bin\jli.dll
0x00007ff841920000 - 0x00007ff84193e000 	C:\Program Files\Microsoft\jdk-17.0.18.8-hotspot\bin\VCRUNTIME140.dll
0x00007ff872760000 - 0x00007ff872925000 	C:\WINDOWS\System32\USER32.dll
0x00007ff870fa0000 - 0x00007ff870fc7000 	C:\WINDOWS\System32\win32u.dll
0x00007ff8480c0000 - 0x00007ff848353000 	C:\WINDOWS\WinSxS\amd64_microsoft.windows.common-controls_6595b64144ccf1df_6.0.26100.8115_none_3e075c82e3354f9c\COMCTL32.dll
0x00007ff872730000 - 0x00007ff87275b000 	C:\WINDOWS\System32\GDI32.dll
0x00007ff872680000 - 0x00007ff872729000 	C:\WINDOWS\System32\msvcrt.dll
0x00007ff871dc0000 - 0x00007ff871eeb000 	C:\WINDOWS\System32\gdi32full.dll
0x00007ff8711b0000 - 0x00007ff871253000 	C:\WINDOWS\System32\msvcp_win.dll
0x00007ff874440000 - 0x00007ff874472000 	C:\WINDOWS\System32\IMM32.DLL
0x00007ff8499d0000 - 0x00007ff8499dc000 	C:\Program Files\Microsoft\jdk-17.0.18.8-hotspot\bin\vcruntime140_1.dll
0x00007fffeca40000 - 0x00007fffecac9000 	C:\Program Files\Microsoft\jdk-17.0.18.8-hotspot\bin\msvcp140.dll
0x00007fff74110000 - 0x00007fff74d8a000 	C:\Program Files\Microsoft\jdk-17.0.18.8-hotspot\bin\server\jvm.dll
0x00007ff874380000 - 0x00007ff874436000 	C:\WINDOWS\System32\ADVAPI32.dll
0x00007ff874190000 - 0x00007ff874237000 	C:\WINDOWS\System32\sechost.dll
0x00007ff873740000 - 0x00007ff873858000 	C:\WINDOWS\System32\RPCRT4.dll
0x00007ff873300000 - 0x00007ff873380000 	C:\WINDOWS\System32\WS2_32.dll
0x00007ff85cc10000 - 0x00007ff85cc1b000 	C:\WINDOWS\SYSTEM32\VERSION.dll
0x00007ff85bec0000 - 0x00007ff85bef6000 	C:\WINDOWS\SYSTEM32\WINMM.dll
0x00007ff870a20000 - 0x00007ff870a7e000 	C:\WINDOWS\SYSTEM32\POWRPROF.dll
0x00007ff870a00000 - 0x00007ff870a14000 	C:\WINDOWS\SYSTEM32\UMPDC.dll
0x00007ff86fb90000 - 0x00007ff86fbab000 	C:\WINDOWS\SYSTEM32\kernel.appcore.dll
0x00007ff846a30000 - 0x00007ff846a3a000 	C:\Program Files\Microsoft\jdk-17.0.18.8-hotspot\bin\jimage.dll
0x00007ff86eac0000 - 0x00007ff86ed02000 	C:\WINDOWS\SYSTEM32\DBGHELP.DLL
0x00007ff8722f0000 - 0x00007ff872672000 	C:\WINDOWS\System32\combase.dll
0x00007ff8733f0000 - 0x00007ff8734c8000 	C:\WINDOWS\System32\OLEAUT32.dll
0x00007ff8477c0000 - 0x00007ff8477fb000 	C:\WINDOWS\SYSTEM32\dbgcore.DLL
0x00007ff870ef0000 - 0x00007ff870f95000 	C:\WINDOWS\System32\bcryptPrimitives.dll
0x00007ff846690000 - 0x00007ff84669f000 	C:\Program Files\Microsoft\jdk-17.0.18.8-hotspot\bin\instrument.dll
0x00007ff8087e0000 - 0x00007ff808806000 	C:\Program Files\Microsoft\jdk-17.0.18.8-hotspot\bin\java.dll
0x00007fff9ff00000 - 0x00007fff9ffd6000 	C:\Program Files\Microsoft\jdk-17.0.18.8-hotspot\bin\jsvml.dll
0x00007ff8738e0000 - 0x00007ff874047000 	C:\WINDOWS\System32\SHELL32.dll
0x00007ff871c50000 - 0x00007ff871dba000 	C:\WINDOWS\System32\wintypes.dll
0x00007ff8713e0000 - 0x00007ff871c48000 	C:\WINDOWS\System32\windows.storage.dll
0x00007ff8734e0000 - 0x00007ff8735d8000 	C:\WINDOWS\System32\SHCORE.dll
0x00007ff874480000 - 0x00007ff8744e6000 	C:\WINDOWS\System32\shlwapi.dll
0x00007ff870d50000 - 0x00007ff870d79000 	C:\WINDOWS\SYSTEM32\profapi.dll
0x00007ff803d30000 - 0x00007ff803d48000 	C:\Program Files\Microsoft\jdk-17.0.18.8-hotspot\bin\zip.dll
0x00007ff816550000 - 0x00007ff81656b000 	C:\Program Files\Microsoft\jdk-17.0.18.8-hotspot\bin\net.dll
0x00007ff866d10000 - 0x00007ff866e3d000 	C:\WINDOWS\SYSTEM32\WINHTTP.dll
0x00007ff870110000 - 0x00007ff87017c000 	C:\WINDOWS\system32\mswsock.dll
0x00007ff805d60000 - 0x00007ff805d76000 	C:\Program Files\Microsoft\jdk-17.0.18.8-hotspot\bin\nio.dll
0x00007ff846a50000 - 0x00007ff846a60000 	C:\Program Files\Microsoft\jdk-17.0.18.8-hotspot\bin\verify.dll
0x00007ff841b00000 - 0x00007ff841b27000 	C:\Users\yashr\.gradle\native\1def1411415f61bf3af743bc5b6707747c0891f09f0c88961ee8f79bc544acac\windows-amd64\native-platform.dll
0x00007ff817f30000 - 0x00007ff817fa7000 	C:\Users\yashr\.gradle\native\0.2.8\x86_64-windows-gnu\gradle-fileevents.dll
0x00007ff84dd90000 - 0x00007ff84dd9a000 	C:\Program Files\Microsoft\jdk-17.0.18.8-hotspot\bin\management.dll
0x00007ff846a60000 - 0x00007ff846a6c000 	C:\Program Files\Microsoft\jdk-17.0.18.8-hotspot\bin\management_ext.dll
0x00007ff874360000 - 0x00007ff874368000 	C:\WINDOWS\System32\PSAPI.DLL
0x00007ff86f560000 - 0x00007ff86f592000 	C:\WINDOWS\SYSTEM32\IPHLPAPI.DLL
0x00007ff8733e0000 - 0x00007ff8733ea000 	C:\WINDOWS\System32\NSI.dll
0x00007ff866e80000 - 0x00007ff866e9d000 	C:\WINDOWS\SYSTEM32\dhcpcsvc6.DLL
0x00007ff866aa0000 - 0x00007ff866ac5000 	C:\WINDOWS\SYSTEM32\dhcpcsvc.DLL
0x00007ff86f650000 - 0x00007ff86f782000 	C:\WINDOWS\SYSTEM32\DNSAPI.dll
0x00007ff841910000 - 0x00007ff841919000 	C:\Program Files\Microsoft\jdk-17.0.18.8-hotspot\bin\extnet.dll
0x00007ff870410000 - 0x00007ff87042b000 	C:\WINDOWS\SYSTEM32\CRYPTSP.dll
0x00007ff86faf0000 - 0x00007ff86fb29000 	C:\WINDOWS\system32\rsaenh.dll
0x00007ff8701e0000 - 0x00007ff870213000 	C:\WINDOWS\SYSTEM32\USERENV.dll
0x00007ff870d20000 - 0x00007ff870d4a000 	C:\WINDOWS\SYSTEM32\bcrypt.dll
0x00007ff870430000 - 0x00007ff87043c000 	C:\WINDOWS\SYSTEM32\CRYPTBASE.dll
0x00007ff843510000 - 0x00007ff84351e000 	C:\Program Files\Microsoft\jdk-17.0.18.8-hotspot\bin\sunmscapi.dll
0x00007ff871260000 - 0x00007ff8713d7000 	C:\WINDOWS\System32\CRYPT32.dll
0x00007ff8706a0000 - 0x00007ff8706d0000 	C:\WINDOWS\SYSTEM32\ncrypt.dll
0x00007ff870650000 - 0x00007ff87068f000 	C:\WINDOWS\SYSTEM32\NTASN1.dll
0x00007ff8499c0000 - 0x00007ff8499c8000 	C:\WINDOWS\system32\wshunix.dll
0x00007ff86fcb0000 - 0x00007ff86fce6000 	C:\WINDOWS\SYSTEM32\ntmarta.dll
0x00007ff862770000 - 0x00007ff862777000 	C:\Program Files\Microsoft\jdk-17.0.18.8-hotspot\bin\rmi.dll

dbghelp: loaded successfully - version: 4.0.5 - missing functions: none
symbol engine: initialized successfully - sym options: 0x614 - pdb path: .;C:\Program Files\Microsoft\jdk-17.0.18.8-hotspot\bin;C:\WINDOWS\SYSTEM32;C:\WINDOWS\WinSxS\amd64_microsoft.windows.common-controls_6595b64144ccf1df_6.0.26100.8115_none_3e075c82e3354f9c;C:\Program Files\Microsoft\jdk-17.0.18.8-hotspot\bin\server;C:\Users\yashr\.gradle\native\1def1411415f61bf3af743bc5b6707747c0891f09f0c88961ee8f79bc544acac\windows-amd64;C:\Users\yashr\.gradle\native\0.2.8\x86_64-windows-gnu

VM Arguments:
jvm_args: --add-opens=java.base/java.lang=ALL-UNNAMED --add-opens=java.base/java.lang.invoke=ALL-UNNAMED --add-opens=java.base/java.util=ALL-UNNAMED --add-opens=java.prefs/java.util.prefs=ALL-UNNAMED --add-exports=jdk.compiler/com.sun.tools.javac.api=ALL-UNNAMED --add-exports=jdk.compiler/com.sun.tools.javac.util=ALL-UNNAMED --add-opens=java.base/java.util=ALL-UNNAMED --add-opens=java.prefs/java.util.prefs=ALL-UNNAMED --add-opens=java.base/java.nio.charset=ALL-UNNAMED --add-opens=java.base/java.net=ALL-UNNAMED --add-opens=java.base/java.util.concurrent=ALL-UNNAMED --add-opens=java.base/java.util.concurrent.atomic=ALL-UNNAMED --add-opens=java.xml/javax.xml.namespace=ALL-UNNAMED -XX:MaxMetaspaceSize=512m -Xmx2048m -Dfile.encoding=windows-1252 -Duser.country=US -Duser.language=en -Duser.variant -javaagent:C:\Users\yashr\.gradle\wrapper\dists\gradle-9.0.0-bin\d6wjpkvcgsg3oed0qlfss3wgl\gradle-9.0.0\lib\agents\gradle-instrumentation-agent-9.0.0.jar 
java_command: org.gradle.launcher.daemon.bootstrap.GradleDaemon 9.0.0
java_class_path (initial): C:\Users\yashr\.gradle\wrapper\dists\gradle-9.0.0-bin\d6wjpkvcgsg3oed0qlfss3wgl\gradle-9.0.0\lib\gradle-daemon-main-9.0.0.jar
Launcher Type: SUN_STANDARD

[Global flags]
     intx CICompilerCount                          = 4                                         {product} {ergonomic}
   size_t CompressedClassSpaceSize                 = 436207616                                 {product} {ergonomic}
     uint ConcGCThreads                            = 3                                         {product} {ergonomic}
     uint G1ConcRefinementThreads                  = 10                                        {product} {ergonomic}
   size_t G1HeapRegionSize                         = 1048576                                   {product} {ergonomic}
    uintx GCDrainStackTargetSize                   = 64                                        {product} {ergonomic}
   size_t InitialHeapSize                          = 398458880                                 {product} {ergonomic}
   size_t MarkStackSize                            = 4194304                                   {product} {ergonomic}
   size_t MaxHeapSize                              = 2147483648                                {product} {command line}
   size_t MaxMetaspaceSize                         = 536870912                                 {product} {command line}
   size_t MaxNewSize                               = 1287651328                                {product} {ergonomic}
   size_t MinHeapDeltaBytes                        = 1048576                                   {product} {ergonomic}
   size_t MinHeapSize                              = 8388608                                   {product} {ergonomic}
    uintx NonNMethodCodeHeapSize                   = 5839372                                {pd product} {ergonomic}
    uintx NonProfiledCodeHeapSize                  = 122909434                              {pd product} {ergonomic}
    uintx ProfiledCodeHeapSize                     = 122909434                              {pd product} {ergonomic}
    uintx ReservedCodeCacheSize                    = 251658240                              {pd product} {ergonomic}
     bool SegmentedCodeCache                       = true                                      {product} {ergonomic}
   size_t SoftMaxHeapSize                          = 2147483648                             {manageable} {ergonomic}
     bool UseCompressedClassPointers               = true                           {product lp64_product} {ergonomic}
     bool UseCompressedOops                        = true                           {product lp64_product} {ergonomic}
     bool UseG1GC                                  = true                                      {product} {ergonomic}
     bool UseLargePagesIndividualAllocation        = false                                  {pd product} {ergonomic}

Logging:
Log output configuration:
 #0: stdout all=warning uptime,level,tags
 #1: stderr all=off uptime,level,tags

Environment Variables:
JAVA_HOME=C:\Program Files\Microsoft\jdk-17.0.18.8-hotspot
PATH=C:\Users\yashr\Desktop\ReactNative\Roomy\Frontend\node_modules\.bin;C:\Users\yashr\Desktop\ReactNative\Roomy\Frontend\node_modules\.bin;C:\Users\yashr\Desktop\ReactNative\Roomy\node_modules\.bin;C:\Users\yashr\Desktop\ReactNative\node_modules\.bin;C:\Users\yashr\Desktop\node_modules\.bin;C:\Users\yashr\node_modules\.bin;C:\Users\node_modules\.bin;C:\node_modules\.bin;C:\Program Files\nodejs\node_modules\npm\node_modules\@npmcli\run-script\lib\node-gyp-bin;c:\Users\yashr\AppData\Roaming\Code\User\globalStorage\github.copilot-chat\debugCommand;c:\Users\yashr\AppData\Roaming\Code\User\globalStorage\github.copilot-chat\copilotCli;C:\Program Files\Microsoft\jdk-17.0.18.8-hotspot\bin;C:\Python314\Scripts\;C:\Python314\;C:\Program Files\MinGW\bin;C:\msys64\ucrt64\bin;C:\Python312\;C:\WINDOWS\system32;C:\WINDOWS;C:\WINDOWS\System32\Wbem;C:\WINDOWS\System32\WindowsPowerShell\v1.0\;C:\WINDOWS\System32\OpenSSH\;C:\Program Files (x86)\NVIDIA Corporation\PhysX\Common;C:\Program Files\NVIDIA Corporation\NVIDIA NvDLISR;C:\ProgramData\chocolatey\bin;C:\Program Files\Git\cmd;C:\Program Files\Git\mingw64\bin;C:\Program Files\Git\usr\bin;C:\Program Files\MongoDB\Server\8.0\bin;C:\Program Files\nodejs\;C:\Users\yashr\AppData\Local\Android\Sdk;C:\Users\yashr\AppData\Local\Android\Sdk\platforms;C:\Users\yashr\AppData\Local\Android\Sdk\platform-tools;C:\Users\yashr\AppData\Local\Android\Sdk\build-tools;C:\Users\yashr\AppData\Local\Android\Sdk\emulator;C:\Program Files\MySQL\MySQL Shell 8.0\bin\;C:\Users\yashr\AppData\Local\Microsoft\WindowsApps;C:\Users\yashr\AppData\Local\Programs\Microsoft VS Code\bin;C:\msys64\mingw64\bin;C:\Program Files\mongosh\;C:\Users\yashr\AppData\Roaming\Python\Python312\Scripts;C:\Program Files\Microsoft\jdk-17.0.18.8-hotspot\bin;C:\Users\yashr\AppData\Local\Android\Sdk\platform-tools;C:\Users\yashr\AppData\Roaming\npm;C:\Users\yashr\AppData\Local\Android\Sdk;C:\Users\yashr\AppData\Local\Android\Sdk\emulator;C:\Users\yashr\AppData\Local\Android\Sdk\build-tools;C:\Users\yashr\AppData\Local\Android\Sdk\platforms;
USERNAME=yashr
LANG=en_US.UTF-8
OS=Windows_NT
PROCESSOR_IDENTIFIER=Intel64 Family 6 Model 151 Stepping 2, GenuineIntel
TMP=C:\Users\yashr\AppData\Local\Temp
TEMP=C:\Users\yashr\AppData\Local\Temp



Periodic native trim disabled


---------------  S Y S T E M  ---------------

OS:
 Windows 11 , 64 bit Build 26100 (10.0.26100.8246)
OS uptime: 6 days 1:39 hours
Hyper-V role detected

CPU: total 12 (initial active 12) (6 cores per cpu, 2 threads per core) family 6 model 151 stepping 2 microcode 0x35, cx8, cmov, fxsr, ht, mmx, 3dnowpref, sse, sse2, sse3, ssse3, sse4.1, sse4.2, popcnt, lzcnt, tsc, tscinvbit, avx, avx2, aes, erms, clmul, bmi1, bmi2, adx, sha, fma, vzeroupper, clflush, clflushopt, clwb, hv
Processor Information for the first 12 processors :
  Max Mhz: 2400, Current Mhz: 2400, Mhz Limit: 2400

Memory: 4k page, system-wide physical 24283M (1055M free)
TotalPageFile size 39608M (AvailPageFile size 0M)
current process WorkingSet (physical memory assigned to process): 1097M, peak: 1108M
current process commit charge ("private bytes"): 1178M, peak: 1189M

vm_info: OpenJDK 64-Bit Server VM (17.0.18+8-LTS) for windows-amd64 JRE (17.0.18+8-LTS), built on Jan 15 2026 18:50:45 by "MicrosoftCorporation" with MS VC++ 17.14 (VS2022)

END.
